Frame, Time (ms)
    1,     0.000
    2,     7.923
    3,    19.242
    4,    30.194
    5,    41.244
    6,    52.323
    7,    63.392
    8,    74.253
    9,    85.397
   10,    96.264
   11,   107.139
   12,   118.467
   13,   129.352
   14,   140.321
   15,   151.519
   16,   162.558
   17,   173.472
   18,   184.666
   19,   195.557
   20,   206.463
   21,   217.761
   22,   228.666
   23,   239.623
   24,   250.942
   25,   262.000
   26,   272.844
   27,   284.001
   28,   295.278
   29,   306.029
   30,   317.253
   31,   328.192
   32,   339.225
   33,   350.392
   34,   361.337
   35,   372.430
   36,   383.654
   37,   394.754
   38,   405.777
   39,   417.686
   40,   428.088
   41,   439.106
   42,   450.408
   43,   461.298
   44,   472.405
   45,   483.520
   46,   494.500
   47,   505.485
   48,   516.654
   49,   527.617
   50,   539.035
   51,   550.128
   52,   561.428
   53,   572.393
   54,   583.619
   55,   594.584
   56,   605.589
   57,   617.367
   58,   627.785
   59,   638.885
   60,   650.106
   61,   661.105
   62,   672.138
   63,   683.381
   64,   694.393
   65,   705.432
   66,   716.687
   67,   727.691
   68,   738.836
   69,   749.943
   70,   761.007
   71,   772.063
   72,   783.297
   73,   794.314
   74,   805.383
   75,   816.633
   76,   827.710
   77,   839.087
   78,   849.909
   79,   860.859
   80,   872.245
   81,   883.837
   82,   895.173
   83,   906.622
   84,   918.159
   85,   930.894
   86,   942.035
   87,   953.377
   88,   964.603
   89,   975.705
   90,   986.842
   91,   998.125
   92,  1009.284
   93,  1020.555
   94,  1031.724
   95,  1042.745
   96,  1053.968
   97,  1065.023
   98,  1076.130
   99,  1087.135
  100,  1098.232
  101,  1109.295
  102,  1120.512
  103,  1131.547
  104,  1142.657
  105,  1153.897
  106,  1165.059
  107,  1176.205
  108,  1187.311
  109,  1198.430
  110,  1209.903
  111,  1220.907
  112,  1232.112
  113,  1243.311
  114,  1254.508
  115,  1265.734
  116,  1276.921
  117,  1288.034
  118,  1299.229
  119,  1310.435
  120,  1321.755
  121,  1333.065
  122,  1344.136
  123,  1355.867
  124,  1366.998
  125,  1378.190
  126,  1389.292
  127,  1400.655
  128,  1411.781
  129,  1423.032
  130,  1434.427
  131,  1445.538
  132,  1456.776
  133,  1468.038
  134,  1479.197
  135,  1490.263
  136,  1501.528
  137,  1512.830
  138,  1523.996
  139,  1535.331
  140,  1546.421
  141,  1557.605
  142,  1569.138
  143,  1580.131
  144,  1591.218
  145,  1602.643
  146,  1613.743
  147,  1624.870
  148,  1636.141
  149,  1647.283
  150,  1658.310
  151,  1669.675
  152,  1680.933
  153,  1692.002
  154,  1703.244
  155,  1714.536
  156,  1725.636
  157,  1736.982
  158,  1748.109
  159,  1759.269
  160,  1770.493
  161,  1781.687
  162,  1792.747
  163,  1804.613
  164,  1815.256
  165,  1826.389
  166,  1837.629
  167,  1848.785
  168,  1859.897
  169,  1871.012
  170,  1882.105
  171,  1893.149
  172,  1904.459
  173,  1915.593
  174,  1926.769
  175,  1937.879
  176,  1948.992
  177,  1960.165
  178,  1971.390
  179,  1982.502
  180,  1993.759
  181,  2004.929
  182,  2016.112
  183,  2027.213
  184,  2038.817
  185,  2049.412
  186,  2060.544
  187,  2071.730
  188,  2082.844
  189,  2094.016
  190,  2105.084
  191,  2116.320
  192,  2127.552
  193,  2138.656
  194,  2149.904
  195,  2161.007
  196,  2172.195
  197,  2183.420
  198,  2194.486
  199,  2205.579
  200,  2216.835
  201,  2227.972
  202,  2239.102
  203,  2250.214
  204,  2261.332
  205,  2272.489
  206,  2283.643
  207,  2294.706
  208,  2305.837
  209,  2317.080
  210,  2328.216
  211,  2339.397
  212,  2350.724
  213,  2361.888
  214,  2373.015
  215,  2384.314
  216,  2395.359
  217,  2406.517
  218,  2417.893
  219,  2428.991
  220,  2440.157
  221,  2451.436
  222,  2462.530
  223,  2473.724
  224,  2485.073
  225,  2496.257
  226,  2507.473
  227,  2518.884
  228,  2530.187
  229,  2541.277
  230,  2552.615
  231,  2563.807
  232,  2574.972
  233,  2586.324
  234,  2597.493
  235,  2608.670
  236,  2620.102
  237,  2631.325
  238,  2642.450
  239,  2653.862
  240,  2665.026
  241,  2676.585
  242,  2688.054
  243,  2699.328
  244,  2710.595
  245,  2721.904
  246,  2733.135
  247,  2744.447
  248,  2755.664
  249,  2766.932
  250,  2778.182
  251,  2789.475
  252,  2800.653
  253,  2812.169
  254,  2823.952
  255,  2835.443
  256,  2846.797
  257,  2858.138
  258,  2869.639
  259,  2880.780
  260,  2892.076
  261,  2903.673
  262,  2914.969
  263,  2926.264
  264,  2937.774
  265,  2948.963
  266,  2960.215
  267,  2971.717
  268,  2983.058
  269,  2994.423
  270,  3005.732
  271,  3017.113
  272,  3028.530
  273,  3039.759
  274,  3051.063
  275,  3062.373
  276,  3073.670
  277,  3085.115
  278,  3096.336
  279,  3107.660
  280,  3119.475
  281,  3130.715
  282,  3142.019
  283,  3153.490
  284,  3164.885
  285,  3176.177
  286,  3187.683
  287,  3198.930
  288,  3210.274
  289,  3221.671
  290,  3232.959
  291,  3244.275
  292,  3255.548
  293,  3266.811
  294,  3278.069
  295,  3289.608
  296,  3300.539
  297,  3311.847
  298,  3323.169
  299,  3334.514
  300,  3345.819
  301,  3357.775
  302,  3369.518
  303,  3380.771
  304,  3392.120
  305,  3403.619
  306,  3415.347
  307,  3426.835
  308,  3438.413
  309,  3449.652
  310,  3461.089
  311,  3472.515
  312,  3483.928
  313,  3495.258
  314,  3506.913
  315,  3518.402
  316,  3529.755
  317,  3541.559
  318,  3553.159
  319,  3564.513
  320,  3575.831
  321,  3587.485
  322,  3598.756
  323,  3610.082
  324,  3621.732
  325,  3633.049
  326,  3644.416
  327,  3655.863
  328,  3667.130
  329,  3678.531
  330,  3689.817
  331,  3701.212
  332,  3712.986
  333,  3724.631
  334,  3736.116
  335,  3747.343
  336,  3758.706
  337,  3770.160
  338,  3781.522
  339,  3792.780
  340,  3804.377
  341,  3815.776
  342,  3827.061
  343,  3838.510
  344,  3849.835
  345,  3861.269
  346,  3872.629
  347,  3883.929
  348,  3895.204
  349,  3906.539
  350,  3917.879
  351,  3929.132
  352,  3940.434
  353,  3951.682
  354,  3963.008
  355,  3974.282
  356,  3985.735
  357,  3997.109
  358,  4008.372
  359,  4019.977
  360,  4031.305
  361,  4042.514
  362,  4054.020
  363,  4065.285
  364,  4076.437
  365,  4087.904
  366,  4099.096
  367,  4110.370
  368,  4122.018
  369,  4133.450
  370,  4144.667
  371,  4156.179
  372,  4167.562
  373,  4178.877
  374,  4190.216
  375,  4201.415
  376,  4212.704
  377,  4223.997
  378,  4235.313
  379,  4246.655
  380,  4258.001
  381,  4269.499
  382,  4280.843
  383,  4292.167
  384,  4303.746
  385,  4315.026
  386,  4326.295
  387,  4337.843
  388,  4349.141
  389,  4360.994
  390,  4372.498
  391,  4383.825
  392,  4395.194
  393,  4406.557
  394,  4417.843
  395,  4429.083
  396,  4440.412
  397,  4451.621
  398,  4462.959
  399,  4474.248
  400,  4485.552
  401,  4496.898
  402,  4508.146
  403,  4519.595
  404,  4530.770
  405,  4542.079
  406,  4553.646
  407,  4564.921
  408,  4576.160
  409,  4587.579
  410,  4598.853
  411,  4610.084
  412,  4621.689
  413,  4632.944
  414,  4644.227
  415,  4655.722
  416,  4667.095
  417,  4678.330
  418,  4689.859
  419,  4701.090
  420,  4712.285
  421,  4723.631
  422,  4734.931
  423,  4746.335
  424,  4757.603
  425,  4768.782
  426,  4780.206
  427,  4791.569
  428,  4802.938
  429,  4814.200
  430,  4825.412
  431,  4836.952
  432,  4848.208
  433,  4859.560
  434,  4871.251
  435,  4883.008
  436,  4894.481
  437,  4906.114
  438,  4917.618
  439,  4929.391
  440,  4940.490
  441,  4951.770
  442,  4963.073
  443,  4974.276
  444,  4985.586
  445,  4996.880
  446,  5008.162
  447,  5019.302
  448,  5030.695
  449,  5041.921
  450,  5053.277
  451,  5064.515
  452,  5075.656
  453,  5087.035
  454,  5098.267
  455,  5109.507
  456,  5121.190
  457,  5132.475
  458,  5143.744
  459,  5155.168
  460,  5166.608
  461,  5177.878
  462,  5189.383
  463,  5200.739
  464,  5212.024
  465,  5223.560
  466,  5234.815
  467,  5246.176
  468,  5257.508
  469,  5268.849
  470,  5280.281
  471,  5291.605
  472,  5303.075
  473,  5314.400
  474,  5325.786
  475,  5337.279
  476,  5348.613
  477,  5360.039
  478,  5371.570
  479,  5382.959
  480,  5394.237
  481,  5405.766
  482,  5417.096
  483,  5428.334
  484,  5439.949
  485,  5451.195
  486,  5462.501
  487,  5474.124
  488,  5485.433
  489,  5496.717
  490,  5507.911
  491,  5519.132
  492,  5530.472
  493,  5541.693
  494,  5552.986
  495,  5564.200
  496,  5575.480
  497,  5587.060
  498,  5598.213
  499,  5609.554
  500,  5621.198
  501,  5632.695
  502,  5643.962
  503,  5655.521
  504,  5666.952
  505,  5678.294
  506,  5690.160
  507,  5701.367
  508,  5712.844
  509,  5724.381
  510,  5735.791
  511,  5747.089
  512,  5758.375
  513,  5769.673
  514,  5781.016
  515,  5792.404
  516,  5803.841
  517,  5815.128
  518,  5826.514
  519,  5838.099
  520,  5849.847
  521,  5861.139
  522,  5872.810
  523,  5884.063
  524,  5895.251
  525,  5906.790
  526,  5918.011
  527,  5929.277
  528,  5940.664
  529,  5951.870
  530,  5963.207
  531,  5974.871
  532,  5985.795
  533,  5997.118
  534,  6008.434
  535,  6019.825
  536,  6031.133
  537,  6042.334
  538,  6053.834
  539,  6065.038
  540,  6076.299
  541,  6087.741
  542,  6098.953
  543,  6110.181
  544,  6121.766
  545,  6132.988
  546,  6144.197
  547,  6155.589
  548,  6166.823
  549,  6178.252
  550,  6189.668
  551,  6200.971
  552,  6212.214
  553,  6223.679
  554,  6234.969
  555,  6246.241
  556,  6257.782
  557,  6269.123
  558,  6280.501
  559,  6291.695
  560,  6302.954
  561,  6314.243
  562,  6325.554
  563,  6336.844
  564,  6348.120
  565,  6359.606
  566,  6371.187
  567,  6382.356
  568,  6393.614
  569,  6405.136
  570,  6416.357
  571,  6427.598
  572,  6439.102
  573,  6450.267
  574,  6461.367
  575,  6472.847
  576,  6484.162
  577,  6495.387
  578,  6506.732
  579,  6517.926
  580,  6529.194
  581,  6540.584
  582,  6551.747
  583,  6562.937
  584,  6574.248
  585,  6585.405
  586,  6596.553
  587,  6607.928
  588,  6619.144
  589,  6630.326
  590,  6641.591
  591,  6652.848
  592,  6663.949
  593,  6675.207
  594,  6686.510
  595,  6697.684
  596,  6708.913
  597,  6720.149
  598,  6731.335
  599,  6742.633
  600,  6753.779
  601,  6765.020
  602,  6776.212
  603,  6787.444
  604,  6798.613
  605,  6809.868
  606,  6821.152
  607,  6832.280
  608,  6843.586
  609,  6854.938
  610,  6866.132
  611,  6877.334
  612,  6888.739
  613,  6899.822
  614,  6911.000
  615,  6922.258
  616,  6933.394
  617,  6944.483
  618,  6955.880
  619,  6967.111
  620,  6978.466
  621,  6989.722
  622,  7000.868
  623,  7012.011
  624,  7023.436
  625,  7034.595
  626,  7045.853
  627,  7057.372
  628,  7068.579
  629,  7079.770
  630,  7091.163
  631,  7102.341
  632,  7113.532
  633,  7125.100
  634,  7136.284
  635,  7147.467
  636,  7158.709
  637,  7169.807
  638,  7180.993
  639,  7192.234
  640,  7203.465
  641,  7214.666
  642,  7225.933
  643,  7237.227
  644,  7248.460
  645,  7259.616
  646,  7270.887
  647,  7282.175
  648,  7293.491
  649,  7304.888
  650,  7315.979
  651,  7327.218
  652,  7338.561
  653,  7349.734
  654,  7361.239
  655,  7372.885
  656,  7384.134
  657,  7395.428
  658,  7406.937
  659,  7418.023
  660,  7429.452
  661,  7440.780
  662,  7452.004
  663,  7463.166
  664,  7474.535
  665,  7485.779
  666,  7497.002
  667,  7508.352
  668,  7519.433
  669,  7530.708
  670,  7541.988
  671,  7553.163
  672,  7564.396
  673,  7575.582
  674,  7586.767
  675,  7597.895
  676,  7609.121
  677,  7620.298
  678,  7631.417
  679,  7642.665
  680,  7653.888
  681,  7665.131
  682,  7676.611
  683,  7687.857
  684,  7699.211
  685,  7710.528
  686,  7721.874
  687,  7733.134
  688,  7744.485
  689,  7755.817
  690,  7766.941
  691,  7778.221
  692,  7789.639
  693,  7800.915
  694,  7812.114
  695,  7823.569
  696,  7834.811
  697,  7846.092
  698,  7857.435
  699,  7868.557
  700,  7879.782
  701,  7891.139
  702,  7902.369
  703,  7913.363
  704,  7924.830
  705,  7936.066
  706,  7947.215
  707,  7958.662
  708,  7970.074
  709,  7981.071
  710,  7992.453
  711,  8003.634
  712,  8014.821
  713,  8025.985
  714,  8037.200
  715,  8048.362
  716,  8059.740
  717,  8071.072
  718,  8082.200
  719,  8093.447
  720,  8104.637
  721,  8115.905
  722,  8127.138
  723,  8138.351
  724,  8149.637
  725,  8160.861
  726,  8172.289
  727,  8183.608
  728,  8194.760
  729,  8206.155
  730,  8217.238
  731,  8228.508
  732,  8239.906
  733,  8251.011
  734,  8262.167
  735,  8273.538
  736,  8284.786
  737,  8295.987
  738,  8307.337
  739,  8318.683
  740,  8329.749
  741,  8341.154
  742,  8352.251
  743,  8363.879
  744,  8375.304
  745,  8386.452
  746,  8397.635
  747,  8408.929
  748,  8420.022
  749,  8431.173
  750,  8442.455
  751,  8453.575
  752,  8464.699
  753,  8476.067
  754,  8487.193
  755,  8498.427
  756,  8509.666
  757,  8520.765
  758,  8531.953
  759,  8543.167
  760,  8554.261
  761,  8565.401
  762,  8576.587
  763,  8587.733
  764,  8598.876
  765,  8610.136
  766,  8621.284
  767,  8632.493
  768,  8643.731
  769,  8655.003
  770,  8666.211
  771,  8677.464
  772,  8688.851
  773,  8700.179
  774,  8711.328
  775,  8722.840
  776,  8734.074
  777,  8745.303
  778,  8757.150
  779,  8767.601
  780,  8778.891
  781,  8790.254
  782,  8801.413
  783,  8812.619
  784,  8823.982
  785,  8835.367
  786,  8846.522
  787,  8858.063
  788,  8869.679
  789,  8881.788
  790,  8893.136
  791,  8904.640
  792,  8915.968
  793,  8927.254
  794,  8938.452
  795,  8949.600
  796,  8960.809
  797,  8972.243
  798,  8983.274
  799,  8994.638
  800,  9005.840
  801,  9017.019
  802,  9028.343
  803,  9039.701
  804,  9050.849
  805,  9061.959
  806,  9073.245
  807,  9084.347
  808,  9095.521
  809,  9106.772
  810,  9117.935
  811,  9129.155
  812,  9140.480
  813,  9151.762
  814,  9162.783
  815,  9174.122
  816,  9185.343
  817,  9196.842
  818,  9207.725
  819,  9218.802
  820,  9229.999
  821,  9241.272
  822,  9252.311
  823,  9263.364
  824,  9274.754
  825,  9285.893
  826,  9296.963
  827,  9308.271
  828,  9319.345
  829,  9330.555
  830,  9341.787
  831,  9353.101
  832,  9364.288
  833,  9375.800
  834,  9387.147
  835,  9398.230
  836,  9409.565
  837,  9420.614
  838,  9431.680
  839,  9443.012
  840,  9454.162
  841,  9465.259
  842,  9476.575
  843,  9487.633
  844,  9498.775
  845,  9509.924
  846,  9521.023
  847,  9532.232
  848,  9543.419
  849,  9554.494
  850,  9565.515
  851,  9576.738
  852,  9587.765
  853,  9598.807
  854,  9609.981
  855,  9621.122
  856,  9632.217
  857,  9643.437
  858,  9654.557
  859,  9665.466
  860,  9676.750
  861,  9687.867
  862,  9699.017
  863,  9710.202
  864,  9721.327
  865,  9732.402
  866,  9743.656
  867,  9754.751
  868,  9765.817
  869,  9777.046
  870,  9788.086
  871,  9799.125
  872,  9810.397
  873,  9821.491
  874,  9832.544
  875,  9843.886
  876,  9854.985
  877,  9866.108
  878,  9877.311
  879,  9888.389
  880,  9899.779
  881,  9910.630
  882,  9921.674
  883,  9932.970
  884,  9944.125
  885,  9955.389
  886,  9966.409
  887,  9977.375
  888,  9988.409
  889,  9999.627
  890, 10010.798
  891, 10021.912
  892, 10032.957
  893, 10044.130
  894, 10055.221
  895, 10066.300
  896, 10077.366
  897, 10088.497
  898, 10099.477
  899, 10110.671
  900, 10122.032
  901, 10133.074
  902, 10144.287
  903, 10155.389
  904, 10166.415
  905, 10177.633
  906, 10188.805
  907, 10199.825
  908, 10211.105
  909, 10222.193
  910, 10233.188
  911, 10244.397
  912, 10255.479
  913, 10266.492
  914, 10277.817
  915, 10289.072
  916, 10299.977
  917, 10311.175
  918, 10322.177
  919, 10333.353
  920, 10344.556
  921, 10355.887
  922, 10367.012
  923, 10377.965
  924, 10389.016
  925, 10400.234
  926, 10411.204
  927, 10422.255
  928, 10433.331
  929, 10444.540
  930, 10455.604
  931, 10466.625
  932, 10477.878
  933, 10488.955
  934, 10500.057
  935, 10511.056
  936, 10522.062
  937, 10533.159
  938, 10544.320
  939, 10555.456
  940, 10566.478
  941, 10577.706
  942, 10588.702
  943, 10599.678
  944, 10610.922
  945, 10621.963
  946, 10633.150
  947, 10644.361
  948, 10655.454
  949, 10666.468
  950, 10677.786
  951, 10688.971
  952, 10700.135
  953, 10711.726
  954, 10722.552
  955, 10733.845
  956, 10744.976
  957, 10756.073
  958, 10767.078
  959, 10778.129
  960, 10789.162
  961, 10800.242
  962, 10811.352
  963, 10822.257
  964, 10833.316
  965, 10844.532
  966, 10855.564
  967, 10866.527
  968, 10877.573
  969, 10888.501
  970, 10899.494
  971, 10910.665
  972, 10921.831
  973, 10933.206
  974, 10944.563
  975, 10955.525
  976, 10966.557
  977, 10977.671
  978, 10988.785
  979, 10999.760
  980, 11010.947
  981, 11022.254
  982, 11033.238
  983, 11044.392
  984, 11055.502
  985, 11066.329
  986, 11077.440
  987, 11088.503
  988, 11099.450
  989, 11110.693
  990, 11121.783
  991, 11132.705
  992, 11143.910
  993, 11154.918
  994, 11165.809
  995, 11177.093
  996, 11188.269
  997, 11199.522
  998, 11210.772
  999, 11221.778
 1000, 11232.680
 1001, 11243.966
 1002, 11254.977
 1003, 11265.889
 1004, 11277.215
 1005, 11289.302
 1006, 11300.749
 1007, 11315.943
 1008, 11327.342
 1009, 11339.766
 1010, 11351.364
 1011, 11362.563
 1012, 11374.281
 1013, 11385.214
 1014, 11396.242
 1015, 11407.442
 1016, 11418.383
 1017, 11429.320
 1018, 11440.358
 1019, 11451.275
 1020, 11462.296
 1021, 11473.198
 1022, 11484.167
 1023, 11495.338
 1024, 11506.657
 1025, 11517.461
 1026, 11528.589
 1027, 11539.593
 1028, 11550.587
 1029, 11561.722
 1030, 11572.742
 1031, 11583.552
 1032, 11594.802
 1033, 11605.711
 1034, 11616.594
 1035, 11627.741
 1036, 11638.770
 1037, 11649.670
 1038, 11660.730
 1039, 11671.737
 1040, 11682.665
 1041, 11693.936
 1042, 11704.794
 1043, 11715.804
 1044, 11726.980
 1045, 11737.949
 1046, 11748.821
 1047, 11759.872
 1048, 11770.758
 1049, 11781.725
 1050, 11792.744
 1051, 11803.589
 1052, 11814.524
 1053, 11825.672
 1054, 11836.565
 1055, 11847.477
 1056, 11858.562
 1057, 11869.754
 1058, 11880.901
 1059, 11892.159
 1060, 11902.981
 1061, 11913.931
 1062, 11924.803
 1063, 11935.768
 1064, 11946.680
 1065, 11957.599
 1066, 11968.665
 1067, 11979.519
 1068, 11990.415
 1069, 12001.306
 1070, 12012.364
 1071, 12023.269
 1072, 12034.250
 1073, 12045.507
 1074, 12056.449
 1075, 12067.341
 1076, 12078.530
 1077, 12089.521
 1078, 12100.410
 1079, 12111.481
 1080, 12122.667
 1081, 12133.535
 1082, 12144.707
 1083, 12155.538
 1084, 12166.521
 1085, 12177.587
 1086, 12188.664
 1087, 12199.485
 1088, 12210.612
 1089, 12221.499
 1090, 12232.312
 1091, 12243.469
 1092, 12254.338
 1093, 12265.252
 1094, 12276.365
 1095, 12287.253
 1096, 12298.199
 1097, 12309.271
 1098, 12320.196
 1099, 12331.023
 1100, 12342.256
 1101, 12353.393
 1102, 12364.355
 1103, 12375.488
 1104, 12386.346
 1105, 12397.308
 1106, 12408.230
 1107, 12419.018
 1108, 12429.977
 1109, 12440.810
 1110, 12451.736
 1111, 12462.588
 1112, 12473.518
 1113, 12484.332
 1114, 12495.467
 1115, 12506.283
 1116, 12517.109
 1117, 12528.216
 1118, 12539.143
 1119, 12550.050
 1120, 12561.244
 1121, 12572.176
 1122, 12582.933
 1123, 12594.240
 1124, 12605.130
 1125, 12616.010
 1126, 12627.150
 1127, 12638.041
 1128, 12648.908
 1129, 12659.919
 1130, 12671.274
 1131, 12682.417
 1132, 12693.633
 1133, 12704.509
 1134, 12715.410
 1135, 12726.466
 1136, 12737.342
 1137, 12748.415
 1138, 12759.523
 1139, 12770.425
 1140, 12781.305
 1141, 12792.175
 1142, 12803.080
 1143, 12813.981
 1144, 12824.837
 1145, 12835.668
 1146, 12846.577
 1147, 12857.484
 1148, 12868.473
 1149, 12879.497
 1150, 12890.965
 1151, 12902.128
 1152, 12913.533
 1153, 12924.632
 1154, 12935.638
 1155, 12946.706
 1156, 12957.612
 1157, 12968.648
 1158, 12979.656
 1159, 12990.763
 1160, 13001.654
 1161, 13013.001
 1162, 13023.948
 1163, 13034.871
 1164, 13045.982
 1165, 13056.971
 1166, 13067.721
 1167, 13078.848
 1168, 13089.760
 1169, 13100.603
 1170, 13111.725
 1171, 13122.695
 1172, 13133.602
 1173, 13144.738
 1174, 13155.590
 1175, 13166.466
 1176, 13177.582
 1177, 13188.507
 1178, 13199.371
 1179, 13210.409
 1180, 13221.212
 1181, 13232.120
 1182, 13243.259
 1183, 13254.074
 1184, 13264.988
 1185, 13275.943
 1186, 13286.736
 1187, 13297.605
 1188, 13308.540
 1189, 13319.431
 1190, 13330.206
 1191, 13341.260
 1192, 13353.099
 1193, 13363.511
 1194, 13374.408
 1195, 13385.233
 1196, 13396.144
 1197, 13406.974
 1198, 13417.734
 1199, 13428.819
 1200, 13439.707
 1201, 13450.522
 1202, 13461.544
 1203, 13472.315
 1204, 13483.208
 1205, 13494.366
 1206, 13505.165
 1207, 13516.013
 1208, 13527.135
 1209, 13538.338
 1210, 13548.977
 1211, 13560.060
 1212, 13570.861
 1213, 13581.739
 1214, 13592.586
 1215, 13603.447
 1216, 13614.245
 1217, 13625.068
 1218, 13635.843
 1219, 13646.809
 1220, 13657.749
 1221, 13668.668
 1222, 13679.737
 1223, 13690.603
 1224, 13701.480
 1225, 13712.522
 1226, 13723.302
 1227, 13734.060
 1228, 13745.239
 1229, 13756.055
 1230, 13766.834
 1231, 13777.746
 1232, 13788.510
 1233, 13799.193
 1234, 13810.201
 1235, 13821.024
 1236, 13831.868
 1237, 13842.800
 1238, 13853.681
 1239, 13864.420
 1240, 13875.229
 1241, 13886.017
 1242, 13896.967
 1243, 13907.832
 1244, 13918.678
 1245, 13929.684
 1246, 13940.503
 1247, 13951.357
 1248, 13962.346
 1249, 13973.211
 1250, 13983.964
 1251, 13994.971
 1252, 14005.818
 1253, 14016.604
 1254, 14027.633
 1255, 14038.560
 1256, 14049.254
 1257, 14060.406
 1258, 14071.188
 1259, 14082.023
 1260, 14092.877
 1261, 14103.737
 1262, 14114.554
 1263, 14125.433
 1264, 14136.317
 1265, 14147.461
 1266, 14158.165
 1267, 14168.928
 1268, 14180.264
 1269, 14191.264
 1270, 14202.111
 1271, 14213.234
 1272, 14224.112
 1273, 14234.987
 1274, 14246.253
 1275, 14257.049
 1276, 14267.901
 1277, 14279.016
 1278, 14289.805
 1279, 14300.783
 1280, 14311.819
 1281, 14322.822
 1282, 14333.676
 1283, 14344.894
 1284, 14356.042
 1285, 14366.949
 1286, 14378.017
 1287, 14388.933
 1288, 14399.755
 1289, 14410.872
 1290, 14421.698
 1291, 14432.676
 1292, 14443.871
 1293, 14454.702
 1294, 14466.736
 1295, 14477.837
 1296, 14488.715
 1297, 14499.719
 1298, 14510.865
 1299, 14521.738
 1300, 14532.678
 1301, 14543.695
 1302, 14554.703
 1303, 14565.576
 1304, 14576.473
 1305, 14587.357
 1306, 14598.185
 1307, 14609.168
 1308, 14620.165
 1309, 14631.033
 1310, 14642.012
 1311, 14652.860
 1312, 14663.919
 1313, 14674.777
 1314, 14685.706
 1315, 14696.804
 1316, 14707.805
 1317, 14718.786
 1318, 14729.889
 1319, 14741.105
 1320, 14751.738
 1321, 14762.924
 1322, 14773.817
 1323, 14784.724
 1324, 14795.879
 1325, 14806.853
 1326, 14817.734
 1327, 14828.843
 1328, 14839.768
 1329, 14850.713
 1330, 14861.795
 1331, 14872.762
 1332, 14883.870
 1333, 14895.261
 1334, 14906.280
 1335, 14917.251
 1336, 14928.445
 1337, 14939.431
 1338, 14950.349
 1339, 14961.458
 1340, 14972.451
 1341, 14983.469
 1342, 14994.600
 1343, 15005.453
 1344, 15016.458
 1345, 15027.709
 1346, 15038.637
 1347, 15049.602
 1348, 15060.598
 1349, 15071.522
 1350, 15082.507
 1351, 15093.400
 1352, 15104.420
 1353, 15115.337
 1354, 15126.347
 1355, 15137.239
 1356, 15148.329
 1357, 15159.386
 1358, 15170.431
 1359, 15181.611
 1360, 15192.520
 1361, 15203.443
 1362, 15214.649
 1363, 15225.506
 1364, 15236.579
 1365, 15247.870
 1366, 15258.879
 1367, 15269.866
 1368, 15281.092
 1369, 15292.116
 1370, 15302.978
 1371, 15314.138
 1372, 15325.210
 1373, 15336.131
 1374, 15347.475
 1375, 15358.577
 1376, 15369.569
 1377, 15380.837
 1378, 15391.895
 1379, 15402.864
 1380, 15414.195
 1381, 15425.226
 1382, 15436.173
 1383, 15447.454
 1384, 15458.404
 1385, 15469.442
 1386, 15480.762
 1387, 15491.750
 1388, 15502.771
 1389, 15514.064
 1390, 15525.062
 1391, 15536.079
 1392, 15547.385
 1393, 15558.479
 1394, 15570.322
 1395, 15580.689
 1396, 15591.795
 1397, 15602.713
 1398, 15613.936
 1399, 15624.920
 1400, 15635.939
 1401, 15647.262
 1402, 15658.228
 1403, 15669.193
 1404, 15680.542
 1405, 15691.517
 1406, 15702.493
 1407, 15713.822
 1408, 15724.801
 1409, 15735.644
 1410, 15746.951
 1411, 15757.862
 1412, 15768.845
 1413, 15780.177
 1414, 15791.206
 1415, 15802.136
 1416, 15813.374
 1417, 15824.385
 1418, 15835.290
 1419, 15846.486
 1420, 15857.484
 1421, 15868.509
 1422, 15879.651
 1423, 15890.555
 1424, 15901.595
 1425, 15912.884
 1426, 15923.771
 1427, 15934.705
 1428, 15945.862
 1429, 15956.793
 1430, 15967.852
 1431, 15978.971
 1432, 15989.943
 1433, 16000.963
 1434, 16012.102
 1435, 16023.039
 1436, 16034.113
 1437, 16045.407
 1438, 16056.326
 1439, 16067.306
 1440, 16078.496
 1441, 16089.497
 1442, 16100.516
 1443, 16111.614
 1444, 16122.781
 1445, 16133.812
 1446, 16144.787
 1447, 16155.820
 1448, 16166.836
 1449, 16177.820
 1450, 16188.833
 1451, 16199.765
 1452, 16210.800
 1453, 16221.772
 1454, 16232.794
 1455, 16243.829
 1456, 16254.851
 1457, 16265.927
 1458, 16277.028
 1459, 16288.061
 1460, 16299.132
 1461, 16310.231
 1462, 16321.332
 1463, 16332.418
 1464, 16343.575
 1465, 16354.775
 1466, 16366.134
 1467, 16377.140
 1468, 16388.216
 1469, 16399.328
 1470, 16410.344
 1471, 16421.351
 1472, 16432.620
 1473, 16443.638
 1474, 16454.674
 1475, 16465.812
 1476, 16476.798
 1477, 16487.832
 1478, 16498.998
 1479, 16510.033
 1480, 16521.084
 1481, 16532.263
 1482, 16543.262
 1483, 16554.254
 1484, 16565.516
 1485, 16576.419
 1486, 16587.420
 1487, 16598.716
 1488, 16609.731
 1489, 16620.771
 1490, 16631.834
 1491, 16642.798
 1492, 16653.825
 1493, 16665.119
 1494, 16676.059
 1495, 16687.017
 1496, 16698.171
 1497, 16709.015
 1498, 16720.097
 1499, 16731.298
 1500, 16742.243
 1501, 16753.243
 1502, 16764.457
 1503, 16775.324
 1504, 16786.263
 1505, 16797.358
 1506, 16808.341
 1507, 16819.296
 1508, 16830.457
 1509, 16841.611
 1510, 16852.684
 1511, 16863.889
 1512, 16875.014
 1513, 16886.116
 1514, 16897.765
 1515, 16909.189
 1516, 16920.419
 1517, 16931.913
 1518, 16942.988
 1519, 16954.009
 1520, 16965.288
 1521, 16976.301
 1522, 16987.260
 1523, 16998.555
 1524, 17009.491
 1525, 17020.542
 1526, 17031.733
 1527, 17042.786
 1528, 17053.787
 1529, 17065.007
 1530, 17076.008
 1531, 17087.006
 1532, 17098.211
 1533, 17109.248
 1534, 17120.409
 1535, 17131.611
 1536, 17142.690
 1537, 17153.806
 1538, 17165.067
 1539, 17176.037
 1540, 17187.079
 1541, 17198.270
 1542, 17209.245
 1543, 17220.259
 1544, 17231.527
 1545, 17242.573
 1546, 17253.517
 1547, 17264.735
 1548, 17275.789
 1549, 17286.709
 1550, 17297.954
 1551, 17308.947
 1552, 17319.987
 1553, 17331.195
 1554, 17342.212
 1555, 17353.447
 1556, 17364.743
 1557, 17375.846
 1558, 17386.835
 1559, 17398.125
 1560, 17409.252
 1561, 17420.336
 1562, 17431.694
 1563, 17442.681
 1564, 17453.760
 1565, 17465.199
 1566, 17476.186
 1567, 17487.228
 1568, 17498.612
 1569, 17509.604
 1570, 17520.509
 1571, 17531.749
 1572, 17542.753
 1573, 17553.809
 1574, 17565.003
 1575, 17575.977
 1576, 17586.912
 1577, 17598.133
 1578, 17609.020
 1579, 17620.073
 1580, 17631.192
 1581, 17642.169
 1582, 17653.261
 1583, 17664.348
 1584, 17675.903
 1585, 17687.092
 1586, 17698.297
 1587, 17709.226
 1588, 17720.339
 1589, 17731.479
 1590, 17742.605
 1591, 17753.545
 1592, 17764.790
 1593, 17775.775
 1594, 17786.763
 1595, 17797.964
 1596, 17808.927
 1597, 17819.909
 1598, 17831.140
 1599, 17842.113
 1600, 17853.297
 1601, 17864.550
 1602, 17875.543
 1603, 17886.611
 1604, 17898.033
 1605, 17909.439
 1606, 17920.562
 1607, 17931.873
 1608, 17942.846
 1609, 17953.867
 1610, 17965.141
 1611, 17976.166
 1612, 17987.163
 1613, 17998.346
 1614, 18009.294
 1615, 18020.279
 1616, 18031.488
 1617, 18042.499
 1618, 18053.520
 1619, 18064.700
 1620, 18075.748
 1621, 18086.670
 1622, 18097.883
 1623, 18108.767
 1624, 18119.919
 1625, 18131.096
 1626, 18142.095
 1627, 18153.059
 1628, 18164.161
 1629, 18175.045
 1630, 18186.051
 1631, 18197.222
 1632, 18208.073
 1633, 18219.121
 1634, 18230.286
 1635, 18241.211
 1636, 18252.201
 1637, 18263.148
 1638, 18274.170
 1639, 18285.131
 1640, 18296.210
 1641, 18307.204
 1642, 18318.150
 1643, 18329.103
 1644, 18340.105
 1645, 18351.899
 1646, 18362.465
 1647, 18373.496
 1648, 18384.497
 1649, 18395.512
 1650, 18406.555
 1651, 18417.486
 1652, 18428.430
 1653, 18439.620
 1654, 18450.745
 1655, 18461.802
 1656, 18472.830
 1657, 18484.121
 1658, 18495.046
 1659, 18505.942
 1660, 18517.134
 1661, 18528.189
 1662, 18539.151
 1663, 18550.374
 1664, 18561.487
 1665, 18572.450
 1666, 18583.673
 1667, 18594.679
 1668, 18605.750
 1669, 18617.048
 1670, 18628.088
 1671, 18639.077
 1672, 18650.313
 1673, 18661.285
 1674, 18672.268
 1675, 18683.597
 1676, 18694.849
 1677, 18705.957
 1678, 18717.224
 1679, 18728.279
 1680, 18739.477
 1681, 18750.626
 1682, 18761.712
 1683, 18772.842
 1684, 18784.112
 1685, 18795.218
 1686, 18806.430
 1687, 18817.687
 1688, 18828.803
 1689, 18840.011
 1690, 18851.223
 1691, 18862.291
 1692, 18873.382
 1693, 18884.644
 1694, 18895.809
 1695, 18906.895
 1696, 18917.994
 1697, 18929.114
 1698, 18940.224
 1699, 18951.465
 1700, 18962.762
 1701, 18973.908
 1702, 18985.076
 1703, 18996.244
 1704, 19007.242
 1705, 19018.356
 1706, 19029.502
 1707, 19040.541
 1708, 19051.583
 1709, 19062.703
 1710, 19073.792
 1711, 19084.914
 1712, 19096.057
 1713, 19107.137
 1714, 19118.256
 1715, 19129.345
 1716, 19140.388
 1717, 19151.566
 1718, 19162.658
 1719, 19173.775
 1720, 19185.303
 1721, 19196.397
 1722, 19207.441
 1723, 19218.487
 1724, 19229.554
 1725, 19240.822
 1726, 19251.515
 1727, 19262.530
 1728, 19273.581
 1729, 19284.683
 1730, 19295.654
 1731, 19306.717
 1732, 19317.909
 1733, 19329.019
 1734, 19340.011
 1735, 19351.148
 1736, 19362.400
 1737, 19373.500
 1738, 19384.619
 1739, 19395.501
 1740, 19406.678
 1741, 19417.719
 1742, 19428.709
 1743, 19439.739
 1744, 19450.935
 1745, 19462.038
 1746, 19473.056
 1747, 19484.386
 1748, 19495.377
 1749, 19506.390
 1750, 19517.615
 1751, 19528.716
 1752, 19539.783
 1753, 19550.945
 1754, 19561.968
 1755, 19572.880
 1756, 19583.999
 1757, 19594.976
 1758, 19605.940
 1759, 19617.156
 1760, 19628.075
 1761, 19639.012
 1762, 19650.210
 1763, 19661.241
 1764, 19672.139
 1765, 19683.337
 1766, 19694.296
 1767, 19705.340
 1768, 19716.515
 1769, 19727.496
 1770, 19738.525
 1771, 19749.716
 1772, 19760.711
 1773, 19771.772
 1774, 19782.996
 1775, 19794.057
 1776, 19805.057
 1777, 19816.226
 1778, 19827.168
 1779, 19838.152
 1780, 19849.334
 1781, 19860.333
 1782, 19871.340
 1783, 19882.546
 1784, 19893.578
 1785, 19904.625
 1786, 19915.780
 1787, 19926.816
 1788, 19937.863
 1789, 19949.082
 1790, 19960.083
 1791, 19971.149
 1792, 19982.330
 1793, 19993.530
 1794, 20004.620
 1795, 20016.157
 1796, 20027.448
 1797, 20038.602
 1798, 20049.854
 1799, 20061.007
 1800, 20071.981
 1801, 20083.193
 1802, 20094.248
 1803, 20105.258
 1804, 20116.559
 1805, 20127.534
 1806, 20138.722
 1807, 20149.811
 1808, 20160.829
 1809, 20171.840
 1810, 20183.151
 1811, 20194.131
 1812, 20205.093
 1813, 20216.218
 1814, 20227.245
 1815, 20238.257
 1816, 20249.391
 1817, 20260.450
 1818, 20271.403
 1819, 20282.585
 1820, 20293.552
 1821, 20304.841
 1822, 20315.830
 1823, 20326.727
 1824, 20337.693
 1825, 20348.868
 1826, 20360.074
 1827, 20371.121
 1828, 20382.329
 1829, 20393.306
 1830, 20404.392
 1831, 20415.522
 1832, 20426.490
 1833, 20437.506
 1834, 20448.598
 1835, 20459.637
 1836, 20470.723
 1837, 20481.793
 1838, 20492.801
 1839, 20503.834
 1840, 20514.811
 1841, 20525.834
 1842, 20536.897
 1843, 20547.842
 1844, 20558.873
 1845, 20569.825
 1846, 20580.838
 1847, 20591.798
 1848, 20602.771
 1849, 20613.653
 1850, 20624.684
 1851, 20635.698
 1852, 20646.653
 1853, 20657.664
 1854, 20668.728
 1855, 20679.663
 1856, 20690.532
 1857, 20701.629
 1858, 20712.629
 1859, 20723.521
 1860, 20734.667
 1861, 20745.692
 1862, 20756.568
 1863, 20767.655
 1864, 20778.589
 1865, 20789.531
 1866, 20800.589
 1867, 20811.680
 1868, 20822.565
 1869, 20833.646
 1870, 20844.564
 1871, 20855.521
 1872, 20866.922
 1873, 20877.695
 1874, 20888.701
 1875, 20900.262
 1876, 20911.711
 1877, 20922.937
 1878, 20934.404
 1879, 20946.202
 1880, 20957.204
 1881, 20968.802
 1882, 20979.553
 1883, 20990.490
 1884, 21001.700
 1885, 21012.656
 1886, 21023.630
 1887, 21034.812
 1888, 21045.791
 1889, 21056.796
 1890, 21067.966
 1891, 21078.825
 1892, 21089.886
 1893, 21100.918
 1894, 21111.836
 1895, 21122.805
 1896, 21133.949
 1897, 21144.845
 1898, 21155.788
 1899, 21166.788
 1900, 21177.632
 1901, 21188.599
 1902, 21199.648
 1903, 21210.384
 1904, 21221.240
 1905, 21232.135
 1906, 21243.054
 1907, 21253.882
 1908, 21264.963
 1909, 21276.205
 1910, 21287.205
 1911, 21298.247
 1912, 21309.240
 1913, 21320.096
 1914, 21331.040
 1915, 21342.031
 1916, 21353.376
 1917, 21364.514
 1918, 21375.512
 1919, 21387.367
 1920, 21397.528
 1921, 21408.506
 1922, 21419.476
 1923, 21430.372
 1924, 21441.244
 1925, 21452.305
 1926, 21463.247
 1927, 21474.095
 1928, 21485.186
 1929, 21496.126
 1930, 21506.965
 1931, 21518.104
 1932, 21529.020
 1933, 21539.926
 1934, 21550.975
 1935, 21561.862
 1936, 21572.756
 1937, 21583.708
 1938, 21594.650
 1939, 21605.581
 1940, 21616.650
 1941, 21627.550
 1942, 21638.770
 1943, 21649.263
 1944, 21660.344
 1945, 21671.282
 1946, 21682.193
 1947, 21693.172
 1948, 21704.022
 1949, 21714.997
 1950, 21725.872
 1951, 21736.690
 1952, 21747.670
 1953, 21758.607
 1954, 21769.602
 1955, 21780.393
 1956, 21791.247
 1957, 21802.401
 1958, 21813.219
 1959, 21824.077
 1960, 21835.139
 1961, 21846.038
 1962, 21856.871
 1963, 21868.061
 1964, 21878.846
 1965, 21889.705
 1966, 21900.770
 1967, 21911.555
 1968, 21922.358
 1969, 21933.519
 1970, 21944.243
 1971, 21955.106
 1972, 21966.080
 1973, 21976.916
 1974, 21987.798
 1975, 21998.725
 1976, 22009.530
 1977, 22020.424
 1978, 22031.328
 1979, 22042.151
 1980, 22053.129
 1981, 22063.887
 1982, 22074.707
 1983, 22085.733
 1984, 22096.596
 1985, 22107.386
 1986, 22118.453
 1987, 22129.193
 1988, 22140.005
 1989, 22150.977
 1990, 22161.770
 1991, 22172.646
 1992, 22183.801
 1993, 22194.817
 1994, 22205.495
 1995, 22216.285
 1996, 22227.108
 1997, 22237.934
 1998, 22248.796
 1999, 22259.519
 2000, 22270.403
 2001, 22281.262
 2002, 22291.994
 2003, 22302.943
 2004, 22313.731
 2005, 22324.480
 2006, 22335.644
 2007, 22346.289
 2008, 22357.289
 2009, 22368.330
 2010, 22379.139
 2011, 22389.883
 2012, 22400.959
 2013, 22411.720
 2014, 22422.404
 2015, 22433.342
 2016, 22444.150
 2017, 22454.948
 2018, 22465.848
 2019, 22476.712
 2020, 22487.489
 2021, 22498.381
 2022, 22509.175
 2023, 22520.088
 2024, 22530.887
 2025, 22541.620
 2026, 22552.654
 2027, 22563.442
 2028, 22574.235
 2029, 22585.193
 2030, 22596.009
 2031, 22606.789
 2032, 22617.772
 2033, 22628.442
 2034, 22639.243
 2035, 22650.072
 2036, 22660.787
 2037, 22672.088
 2038, 22682.998
 2039, 22693.874
 2040, 22704.767
 2041, 22715.676
 2042, 22726.608
 2043, 22737.508
 2044, 22748.401
 2045, 22759.132
 2046, 22770.133
 2047, 22780.950
 2048, 22791.779
 2049, 22803.175
 2050, 22813.839
 2051, 22825.069
 2052, 22835.628
 2053, 22846.418
 2054, 22857.209
 2055, 22868.176
 2056, 22878.962
 2057, 22889.734
 2058, 22900.830
 2059, 22911.518
 2060, 22922.386
 2061, 22933.286
 2062, 22944.413
 2063, 22954.924
 2064, 22965.861
 2065, 22977.096
 2066, 22987.600
 2067, 22998.496
 2068, 23009.239
 2069, 23020.316
 2070, 23031.100
 2071, 23041.922
 2072, 23052.856
 2073, 23063.706
 2074, 23074.503
 2075, 23085.952
 2076, 23096.482
 2077, 23107.245
 2078, 23118.310
 2079, 23129.057
 2080, 23139.860
 2081, 23150.965
 2082, 23161.744
 2083, 23172.585
 2084, 23183.887
 2085, 23194.766
 2086, 23205.650
 2087, 23216.597
 2088, 23227.485
 2089, 23238.671
 2090, 23249.217
 2091, 23260.150
 2092, 23271.135
 2093, 23282.005
 2094, 23292.956
 2095, 23304.049
 2096, 23314.884
 2097, 23325.741
 2098, 23336.732
 2099, 23347.558
 2100, 23359.606
 2101, 23369.704
 2102, 23380.553
 2103, 23391.430
 2104, 23402.404
 2105, 23413.229
 2106, 23424.034
 2107, 23435.043
 2108, 23445.904
 2109, 23456.748
 2110, 23467.861
 2111, 23478.657
 2112, 23489.459
 2113, 23500.349
 2114, 23511.172
 2115, 23522.102
 2116, 23532.976
 2117, 23543.978
 2118, 23554.801
 2119, 23565.618
 2120, 23576.370
 2121, 23587.342
 2122, 23598.125
 2123, 23608.903
 2124, 23619.982
 2125, 23630.727
 2126, 23641.557
 2127, 23652.547
 2128, 23663.462
 2129, 23674.362
 2130, 23685.480
 2131, 23696.302
 2132, 23707.161
 2133, 23718.258
 2134, 23728.961
 2135, 23739.775
 2136, 23750.643
 2137, 23761.554
 2138, 23772.527
 2139, 23783.365
 2140, 23794.174
 2141, 23804.987
 2142, 23815.824
 2143, 23826.590
 2144, 23837.697
 2145, 23848.485
 2146, 23859.320
 2147, 23870.420
 2148, 23881.238
 2149, 23892.003
 2150, 23903.057
 2151, 23913.902
 2152, 23924.671
 2153, 23935.771
 2154, 23946.775
 2155, 23958.114
 2156, 23969.354
 2157, 23980.233
 2158, 23991.115
 2159, 24002.273
 2160, 24013.189
 2161, 24024.122
 2162, 24035.236
 2163, 24046.007
 2164, 24056.950
 2165, 24067.823
 2166, 24078.719
 2167, 24089.610
 2168, 24100.490
 2169, 24111.312
 2170, 24122.302
 2171, 24133.128
 2172, 24144.196
 2173, 24155.240
 2174, 24166.050
 2175, 24176.904
 2176, 24188.079
 2177, 24199.043
 2178, 24210.510
 2179, 24221.312
 2180, 24232.307
 2181, 24243.230
 2182, 24254.364
 2183, 24265.274
 2184, 24276.176
 2185, 24287.351
 2186, 24298.298
 2187, 24309.327
 2188, 24320.468
 2189, 24331.476
 2190, 24342.428
 2191, 24353.771
 2192, 24364.834
 2193, 24375.796
 2194, 24386.941
 2195, 24397.878
 2196, 24408.809
 2197, 24419.901
 2198, 24430.752
 2199, 24441.625
 2200, 24452.638
 2201, 24463.513
 2202, 24474.442
 2203, 24485.569
 2204, 24496.514
 2205, 24507.414
 2206, 24518.587
 2207, 24529.318
 2208, 24540.253
 2209, 24551.062
 2210, 24561.952
 2211, 24573.011
 2212, 24583.977
 2213, 24594.862
 2214, 24605.769
 2215, 24616.723
 2216, 24627.567
 2217, 24638.683
 2218, 24649.585
 2219, 24660.356
 2220, 24671.557
 2221, 24682.532
 2222, 24693.391
 2223, 24704.589
 2224, 24715.490
 2225, 24726.365
 2226, 24737.404
 2227, 24748.368
 2228, 24759.169
 2229, 24770.327
 2230, 24781.146
 2231, 24792.050
 2232, 24803.149
 2233, 24814.082
 2234, 24824.919
 2235, 24835.927
 2236, 24846.871
 2237, 24857.879
 2238, 24869.015
 2239, 24879.808
 2240, 24890.734
 2241, 24901.621
 2242, 24913.240
 2243, 24924.363
 2244, 24935.631
 2245, 24946.946
 2246, 24957.794
 2247, 24969.061
 2248, 24979.914
 2249, 24990.916
 2250, 25001.886
 2251, 25012.799
 2252, 25023.677
 2253, 25034.571
 2254, 25045.445
 2255, 25056.457
 2256, 25067.390
 2257, 25078.339
 2258, 25089.417
 2259, 25100.336
 2260, 25111.257
 2261, 25122.458
 2262, 25133.296
 2263, 25144.177
 2264, 25155.338
 2265, 25166.248
 2266, 25177.229
 2267, 25188.410
 2268, 25199.298
 2269, 25210.214
 2270, 25221.299
 2271, 25232.251
 2272, 25243.213
 2273, 25254.341
 2274, 25265.226
 2275, 25276.144
 2276, 25287.531
 2277, 25298.276
 2278, 25309.174
 2279, 25320.132
 2280, 25330.941
 2281, 25341.934
 2282, 25352.926
 2283, 25363.912
 2284, 25374.814
 2285, 25385.945
 2286, 25396.830
 2287, 25407.627
 2288, 25418.489
 2289, 25429.313
 2290, 25440.156
 2291, 25451.045
 2292, 25461.963
 2293, 25472.964
 2294, 25483.817
 2295, 25494.674
 2296, 25505.747
 2297, 25516.552
 2298, 25527.496
 2299, 25538.574
 2300, 25549.508
 2301, 25560.459
 2302, 25571.469
 2303, 25582.326
 2304, 25593.201
 2305, 25604.209
 2306, 25614.984
 2307, 25625.905
 2308, 25636.938
 2309, 25647.815
 2310, 25658.754
 2311, 25669.808
 2312, 25680.719
 2313, 25691.618
 2314, 25702.526
 2315, 25713.475
 2316, 25724.287
 2317, 25735.136
 2318, 25746.066
 2319, 25757.011
 2320, 25767.908
 2321, 25779.064
 2322, 25789.932
 2323, 25800.769
 2324, 25811.740
 2325, 25822.769
 2326, 25833.637
 2327, 25844.506
 2328, 25855.575
 2329, 25866.353
 2330, 25877.308
 2331, 25888.334
 2332, 25899.331
 2333, 25910.171
 2334, 25921.246
 2335, 25932.148
 2336, 25942.998
 2337, 25954.136
 2338, 25965.085
 2339, 25975.974
 2340, 25987.080
 2341, 25997.938
 2342, 26008.871
 2343, 26020.017
 2344, 26030.910
 2345, 26041.820
 2346, 26052.807
 2347, 26063.769
 2348, 26074.763
 2349, 26085.763
 2350, 26096.727
 2351, 26107.716
 2352, 26118.764
 2353, 26129.672
 2354, 26140.633
 2355, 26151.654
 2356, 26162.721
 2357, 26173.725
 2358, 26184.910
 2359, 26196.519
 2360, 26207.329
 2361, 26218.455
 2362, 26229.429
 2363, 26240.731
 2364, 26251.655
 2365, 26262.691
 2366, 26273.916
 2367, 26284.978
 2368, 26295.977
 2369, 26307.134
 2370, 26318.014
 2371, 26328.952
 2372, 26340.131
 2373, 26352.065
 2374, 26362.263
 2375, 26373.485
 2376, 26384.424
 2377, 26395.363
 2378, 26406.627
 2379, 26417.660
 2380, 26428.609
 2381, 26439.868
 2382, 26450.902
 2383, 26461.900
 2384, 26473.204
 2385, 26484.195
 2386, 26495.153
 2387, 26506.318
 2388, 26517.367
 2389, 26528.357
 2390, 26539.571
 2391, 26550.592
 2392, 26561.564
 2393, 26572.795
 2394, 26583.733
 2395, 26594.681
 2396, 26605.917
 2397, 26616.926
 2398, 26627.824
 2399, 26639.002
 2400, 26649.898
 2401, 26660.866
 2402, 26672.105
 2403, 26683.233
 2404, 26694.303
 2405, 26705.453
 2406, 26716.411
 2407, 26727.390
 2408, 26738.521
 2409, 26749.455
 2410, 26760.392
 2411, 26771.558
 2412, 26782.603
 2413, 26793.495
 2414, 26804.695
 2415, 26815.694
 2416, 26826.687
 2417, 26837.820
 2418, 26848.703
 2419, 26859.591
 2420, 26870.746
 2421, 26881.599
 2422, 26892.577
 2423, 26903.749
 2424, 26914.666
 2425, 26925.546
 2426, 26936.570
 2427, 26947.473
 2428, 26959.172
 2429, 26970.325
 2430, 26981.410
 2431, 26992.392
 2432, 27003.444
 2433, 27014.398
 2434, 27025.753
 2435, 27036.721
 2436, 27047.764
 2437, 27058.847
 2438, 27069.844
 2439, 27080.905
 2440, 27091.907
 2441, 27102.904
 2442, 27113.826
 2443, 27124.907
 2444, 27135.867
 2445, 27147.304
 2446, 27158.170
 2447, 27169.164
 2448, 27180.215
 2449, 27191.199
 2450, 27202.294
 2451, 27213.426
 2452, 27224.463
 2453, 27235.377
 2454, 27246.382
 2455, 27257.487
 2456, 27268.416
 2457, 27279.471
 2458, 27290.638
 2459, 27301.558
 2460, 27312.621
 2461, 27323.701
 2462, 27334.698
 2463, 27345.587
 2464, 27357.082
 2465, 27367.999
 2466, 27378.988
 2467, 27390.154
 2468, 27401.155
 2469, 27412.154
 2470, 27423.364
 2471, 27434.669
 2472, 27445.567
 2473, 27456.708
 2474, 27467.764
 2475, 27478.852
 2476, 27490.180
 2477, 27501.223
 2478, 27512.222
 2479, 27523.306
 2480, 27534.321
 2481, 27545.313
 2482, 27556.578
 2483, 27567.606
 2484, 27578.753
 2485, 27590.058
 2486, 27601.096
 2487, 27612.128
 2488, 27623.400
 2489, 27634.426
 2490, 27645.515
 2491, 27656.851
 2492, 27668.157
 2493, 27679.621
 2494, 27690.917
 2495, 27702.049
 2496, 27713.177
 2497, 27724.453
 2498, 27735.458
 2499, 27746.636
 2500, 27757.899
 2501, 27769.023
 2502, 27780.162
 2503, 27791.436
 2504, 27802.665
 2505, 27813.878
 2506, 27825.062
 2507, 27836.103
 2508, 27847.203
 2509, 27858.508
 2510, 27869.607
 2511, 27880.749
 2512, 27891.782
 2513, 27902.955
 2514, 27914.009
 2515, 27925.282
 2516, 27936.330
 2517, 27947.372
 2518, 27958.564
 2519, 27969.777
 2520, 27981.005
 2521, 27992.141
 2522, 28003.272
 2523, 28014.487
 2524, 28025.646
 2525, 28036.790
 2526, 28047.801
 2527, 28059.064
 2528, 28070.243
 2529, 28081.417
 2530, 28092.563
 2531, 28103.849
 2532, 28114.945
 2533, 28126.160
 2534, 28137.329
 2535, 28148.444
 2536, 28159.571
 2537, 28170.820
 2538, 28181.983
 2539, 28193.155
 2540, 28204.317
 2541, 28215.528
 2542, 28226.550
 2543, 28237.649
 2544, 28248.805
 2545, 28259.859
 2546, 28270.904
 2547, 28282.162
 2548, 28293.520
 2549, 28304.680
 2550, 28315.763
 2551, 28326.871
 2552, 28337.943
 2553, 28349.011
 2554, 28360.471
 2555, 28372.010
 2556, 28383.161
 2557, 28394.249
 2558, 28405.563
 2559, 28416.556
 2560, 28427.643
 2561, 28438.837
 2562, 28450.026
 2563, 28461.163
 2564, 28472.501
 2565, 28483.619
 2566, 28494.745
 2567, 28506.098
 2568, 28517.135
 2569, 28528.303
 2570, 28539.579
 2571, 28550.735
 2572, 28561.884
 2573, 28573.176
 2574, 28584.167
 2575, 28595.277
 2576, 28606.500
 2577, 28617.555
 2578, 28628.658
 2579, 28640.015
 2580, 28651.026
 2581, 28662.164
 2582, 28673.442
 2583, 28684.671
 2584, 28695.781
 2585, 28707.128
 2586, 28718.310
 2587, 28729.379
 2588, 28740.774
 2589, 28751.931
 2590, 28763.146
 2591, 28774.419
 2592, 28785.571
 2593, 28796.677
 2594, 28808.044
 2595, 28819.159
 2596, 28830.293
 2597, 28841.630
 2598, 28852.732
 2599, 28863.775
 2600, 28875.109
 2601, 28886.259
 2602, 28897.271
 2603, 28908.520
 2604, 28920.372
 2605, 28931.705
 2606, 28943.051
 2607, 28954.528
 2608, 28965.757
 2609, 28976.879
 2610, 28988.183
 2611, 28999.376
 2612, 29010.580
 2613, 29021.726
 2614, 29032.858
 2615, 29043.976
 2616, 29055.132
 2617, 29066.319
 2618, 29077.581
 2619, 29089.052
 2620, 29100.190
 2621, 29111.291
 2622, 29122.769
 2623, 29133.889
 2624, 29145.095
 2625, 29156.523
 2626, 29167.698
 2627, 29179.529
 2628, 29190.424
 2629, 29201.626
 2630, 29212.871
 2631, 29224.287
 2632, 29235.420
 2633, 29246.632
 2634, 29257.963
 2635, 29269.137
 2636, 29280.414
 2637, 29291.771
 2638, 29303.439
 2639, 29314.173
 2640, 29325.616
 2641, 29336.781
 2642, 29347.934
 2643, 29359.541
 2644, 29370.865
 2645, 29382.192
 2646, 29393.452
 2647, 29404.714
 2648, 29415.857
 2649, 29426.959
 2650, 29438.164
 2651, 29449.327
 2652, 29461.028
 2653, 29472.530
 2654, 29483.919
 2655, 29495.376
 2656, 29506.873
 2657, 29518.180
 2658, 29529.429
 2659, 29540.949
 2660, 29552.315
 2661, 29563.633
 2662, 29575.279
 2663, 29586.520
 2664, 29597.751
 2665, 29609.180
 2666, 29620.524
 2667, 29631.874
 2668, 29643.192
 2669, 29654.451
 2670, 29665.666
 2671, 29676.944
 2672, 29688.267
 2673, 29699.519
 2674, 29710.867
 2675, 29722.228
 2676, 29733.523
 2677, 29744.880
 2678, 29756.344
 2679, 29767.602
 2680, 29779.073
 2681, 29790.586
 2682, 29801.881
 2683, 29813.092
 2684, 29824.605
 2685, 29836.003
 2686, 29847.117
 2687, 29858.575
 2688, 29869.859
 2689, 29881.121
 2690, 29892.588
 2691, 29903.992
 2692, 29915.119
 2693, 29926.532
 2694, 29937.798
 2695, 29949.189
 2696, 29960.464
 2697, 29972.234
 2698, 29983.668
 2699, 29995.125
 2700, 30006.620
 2701, 30017.904
 2702, 30029.246
 2703, 30040.713
 2704, 30051.957
 2705, 30063.255
 2706, 30074.724
 2707, 30085.970
 2708, 30097.268
 2709, 30108.762
 2710, 30120.174
 2711, 30131.451
 2712, 30142.965
 2713, 30154.398
 2714, 30165.733
 2715, 30177.208
 2716, 30188.537
 2717, 30199.915
 2718, 30211.372
 2719, 30222.646
 2720, 30233.945
 2721, 30245.324
 2722, 30256.673
 2723, 30267.848
 2724, 30279.139
 2725, 30290.682
 2726, 30301.936
 2727, 30313.200
 2728, 30325.012
 2729, 30335.925
 2730, 30347.168
 2731, 30358.802
 2732, 30370.194
 2733, 30381.530
 2734, 30393.011
 2735, 30408.844
 2736, 30420.083
 2737, 30431.270
 2738, 30442.776
 2739, 30454.034
 2740, 30465.288
 2741, 30476.880
 2742, 30488.182
 2743, 30499.422
 2744, 30510.797
 2745, 30522.075
 2746, 30533.286
 2747, 30544.520
 2748, 30555.819
 2749, 30567.043
 2750, 30578.331
 2751, 30589.656
 2752, 30600.851
 2753, 30612.128
 2754, 30623.577
 2755, 30634.753
 2756, 30645.946
 2757, 30657.450
 2758, 30668.678
 2759, 30680.153
 2760, 30691.587
 2761, 30702.831
 2762, 30714.043
 2763, 30725.617
 2764, 30736.721
 2765, 30747.905
 2766, 30759.305
 2767, 30770.540
 2768, 30781.811
 2769, 30793.320
 2770, 30804.592
 2771, 30815.802
 2772, 30827.202
 2773, 30838.331
 2774, 30849.557
 2775, 30860.902
 2776, 30872.168
 2777, 30883.428
 2778, 30894.668
 2779, 30905.950
 2780, 30917.211
 2781, 30928.487
 2782, 30939.697
 2783, 30952.588
 2784, 30963.851
 2785, 30975.465
 2786, 30989.672
 2787, 31000.972
 2788, 31012.185
 2789, 31023.388
 2790, 31034.698
 2791, 31045.948
 2792, 31057.417
 2793, 31068.590
 2794, 31079.791
 2795, 31091.472
 2796, 31102.525
 2797, 31113.752
 2798, 31125.364
 2799, 31136.657
 2800, 31147.976
 2801, 31159.487
 2802, 31170.819
 2803, 31182.200
 2804, 31193.878
 2805, 31205.303
 2806, 31216.654
 2807, 31228.060
 2808, 31239.301
 2809, 31250.668
 2810, 31261.906
 2811, 31273.215
 2812, 31284.525
 2813, 31295.977
 2814, 31307.501
 2815, 31318.700
 2816, 31329.935
 2817, 31341.352
 2818, 31352.677
 2819, 31363.989
 2820, 31375.572
 2821, 31386.875
 2822, 31398.153
 2823, 31409.688
 2824, 31420.995
 2825, 31432.259
 2826, 31443.695
 2827, 31454.962
 2828, 31466.180
 2829, 31477.697
 2830, 31489.076
 2831, 31500.380
 2832, 31511.755
 2833, 31523.108
 2834, 31534.383
 2835, 31545.687
 2836, 31557.026
 2837, 31568.306
 2838, 31579.648
 2839, 31591.341
 2840, 31602.654
 2841, 31613.919
 2842, 31625.457
 2843, 31636.751
 2844, 31648.053
 2845, 31659.519
 2846, 31670.801
 2847, 31682.097
 2848, 31693.501
 2849, 31704.808
 2850, 31716.066
 2851, 31727.430
 2852, 31738.739
 2853, 31750.080
 2854, 31761.441
 2855, 31772.674
 2856, 31784.022
 2857, 31795.334
 2858, 31806.616
 2859, 31817.741
 2860, 31829.043
 2861, 31840.221
 2862, 31851.485
 2863, 31862.710
 2864, 31873.988
 2865, 31885.343
 2866, 31896.625
 2867, 31908.032
 2868, 31919.265
 2869, 31930.518
 2870, 31941.898
 2871, 31953.096
 2872, 31964.471
 2873, 31975.989
 2874, 31987.279
 2875, 31998.582
 2876, 32009.975
 2877, 32021.329
 2878, 32032.633
 2879, 32044.117
 2880, 32055.510
 2881, 32066.845
 2882, 32078.241
 2883, 32089.552
 2884, 32100.778
 2885, 32112.074
 2886, 32123.500
 2887, 32134.815
 2888, 32146.066
 2889, 32157.318
 2890, 32168.590
 2891, 32179.902
 2892, 32191.386
 2893, 32202.679
 2894, 32213.970
 2895, 32225.509
 2896, 32236.715
 2897, 32248.118
 2898, 32259.623
 2899, 32270.936
 2900, 32282.231
 2901, 32293.841
 2902, 32305.116
 2903, 32316.376
 2904, 32327.777
 2905, 32339.100
 2906, 32350.392
 2907, 32362.025
 2908, 32373.244
 2909, 32384.697
 2910, 32396.025
 2911, 32407.341
 2912, 32418.662
 2913, 32430.022
 2914, 32441.139
 2915, 32452.478
 2916, 32463.749
 2917, 32475.168
 2918, 32486.535
 2919, 32497.925
 2920, 32509.388
 2921, 32520.620
 2922, 32531.918
 2923, 32543.275
 2924, 32554.620
 2925, 32565.810
 2926, 32577.216
 2927, 32588.766
 2928, 32599.976
 2929, 32611.417
 2930, 32622.674
 2931, 32633.819
 2932, 32645.337
 2933, 32656.642
 2934, 32668.864
 2935, 32680.415
 2936, 32691.940
 2937, 32703.174
 2938, 32714.453
 2939, 32725.843
 2940, 32737.111
 2941, 32748.421
 2942, 32759.838
 2943, 32771.080
 2944, 32782.569
 2945, 32794.272
 2946, 32805.685
 2947, 32816.840
 2948, 32828.270
 2949, 32839.590
 2950, 32850.843
 2951, 32862.229
 2952, 32873.490
 2953, 32884.829
 2954, 32896.305
 2955, 32907.466
 2956, 32919.206
 2957, 32930.769
 2958, 32942.370
 2959, 32953.798
 2960, 32965.154
 2961, 32976.845
 2962, 32988.528
 2963, 32999.738
 2964, 33011.169
 2965, 33022.369
 2966, 33033.581
 2967, 33044.975
 2968, 33056.171
 2969, 33067.281
 2970, 33078.634
 2971, 33089.956
 2972, 33101.335
 2973, 33112.565
 2974, 33123.843
 2975, 33135.113
 2976, 33146.299
 2977, 33157.617
 2978, 33168.758
 2979, 33180.093
 2980, 33191.364
 2981, 33202.571
 2982, 33213.961
 2983, 33225.075
 2984, 33236.261
 2985, 33247.551
 2986, 33258.882
 2987, 33269.993
 2988, 33281.302
 2989, 33292.737
 2990, 33303.899
 2991, 33315.127
 2992, 33326.519
 2993, 33337.795
 2994, 33348.925
 2995, 33360.524
 2996, 33371.742
 2997, 33382.987
 2998, 33394.377
 2999, 33405.549
 3000, 33416.730
 3001, 33428.124
 3002, 33439.368
 3003, 33450.574
 3004, 33461.941
 3005, 33473.169
 3006, 33484.370
 3007, 33495.870
 3008, 33507.097
 3009, 33518.374
 3010, 33529.733
 3011, 33540.876
 3012, 33552.072
 3013, 33563.418
 3014, 33574.627
 3015, 33585.982
 3016, 33597.247
 3017, 33608.531
 3018, 33619.949
 3019, 33631.187
 3020, 33642.642
 3021, 33653.858
 3022, 33665.138
 3023, 33676.468
 3024, 33687.799
 3025, 33698.979
 3026, 33710.525
 3027, 33721.668
 3028, 33732.827
 3029, 33744.201
 3030, 33755.234
 3031, 33766.402
 3032, 33777.753
 3033, 33789.074
 3034, 33800.287
 3035, 33811.590
 3036, 33822.734
 3037, 33833.770
 3038, 33845.282
 3039, 33856.459
 3040, 33867.573
 3041, 33878.858
 3042, 33890.079
 3043, 33901.152
 3044, 33912.994
 3045, 33923.591
 3046, 33934.782
 3047, 33946.167
 3048, 33957.328
 3049, 33968.593
 3050, 33979.992
 3051, 33991.371
 3052, 34002.452
 3053, 34013.707
 3054, 34025.063
 3055, 34036.451
 3056, 34047.601
 3057, 34058.875
 3058, 34069.977
 3059, 34081.148
 3060, 34092.659
 3061, 34103.764
 3062, 34114.992
 3063, 34126.359
 3064, 34137.502
 3065, 34148.683
 3066, 34160.056
 3067, 34171.156
 3068, 34182.511
 3069, 34194.030
 3070, 34205.182
 3071, 34216.489
 3072, 34227.861
 3073, 34238.982
 3074, 34250.176
 3075, 34261.510
 3076, 34272.673
 3077, 34283.898
 3078, 34295.411
 3079, 34306.612
 3080, 34317.741
 3081, 34329.150
 3082, 34340.414
 3083, 34351.495
 3084, 34363.098
 3085, 34374.373
 3086, 34385.763
 3087, 34397.145
 3088, 34408.379
 3089, 34419.577
 3090, 34430.856
 3091, 34442.098
 3092, 34453.280
 3093, 34464.567
 3094, 34475.915
 3095, 34487.138
 3096, 34498.401
 3097, 34509.598
 3098, 34520.721
 3099, 34531.982
 3100, 34543.338
 3101, 34554.618
 3102, 34565.771
 3103, 34577.081
 3104, 34588.424
 3105, 34599.709
 3106, 34611.124
 3107, 34622.359
 3108, 34633.530
 3109, 34645.008
 3110, 34656.218
 3111, 34667.458
 3112, 34678.811
 3113, 34690.159
 3114, 34701.360
 3115, 34712.808
 3116, 34723.940
 3117, 34735.176
 3118, 34746.632
 3119, 34757.818
 3120, 34768.981
 3121, 34780.277
 3122, 34791.593
 3123, 34802.805
 3124, 34814.067
 3125, 34825.158
 3126, 34836.341
 3127, 34847.474
 3128, 34858.581
 3129, 34869.776
 3130, 34880.885
 3131, 34892.132
 3132, 34903.280
 3133, 34914.363
 3134, 34925.525
 3135, 34936.778
 3136, 34947.821
 3137, 34958.881
 3138, 34970.138
 3139, 34981.292
 3140, 34992.609
 3141, 35003.758
 3142, 35014.909
 3143, 35026.034
 3144, 35037.299
 3145, 35048.490
 3146, 35059.673
 3147, 35070.970
 3148, 35082.150
 3149, 35093.465
 3150, 35104.667
 3151, 35115.840
 3152, 35127.255
 3153, 35138.390
 3154, 35149.563
 3155, 35160.844
 3156, 35172.017
 3157, 35183.140
 3158, 35194.481
 3159, 35205.569
 3160, 35216.747
 3161, 35228.007
 3162, 35239.069
 3163, 35250.210
 3164, 35261.608
 3165, 35272.714
 3166, 35283.863
 3167, 35295.366
 3168, 35306.532
 3169, 35317.642
 3170, 35328.922
 3171, 35340.141
 3172, 35351.222
 3173, 35362.781
 3174, 35373.960
 3175, 35384.978
 3176, 35396.521
 3177, 35407.826
 3178, 35418.917
 3179, 35430.345
 3180, 35441.528
 3181, 35452.711
 3182, 35464.111
 3183, 35475.352
 3184, 35486.501
 3185, 35498.017
 3186, 35509.144
 3187, 35520.337
 3188, 35531.537
 3189, 35542.729
 3190, 35553.810
 3191, 35564.939
 3192, 35576.111
 3193, 35587.306
 3194, 35598.542
 3195, 35609.610
 3196, 35620.744
 3197, 35631.806
 3198, 35642.968
 3199, 35654.144
 3200, 35665.243
 3201, 35676.367
 3202, 35687.517
 3203, 35698.750
 3204, 35709.871
 3205, 35720.999
 3206, 35732.069
 3207, 35743.265
 3208, 35754.341
 3209, 35765.533
 3210, 35776.688
 3211, 35787.766
 3212, 35798.945
 3213, 35810.058
 3214, 35821.117
 3215, 35832.227
 3216, 35843.407
 3217, 35854.538
 3218, 35865.655
 3219, 35876.668
 3220, 35887.830
 3221, 35898.909
 3222, 35909.947
 3223, 35921.041
 3224, 35932.099
 3225, 35943.197
 3226, 35954.180
 3227, 35965.313
 3228, 35976.430
 3229, 35988.108
 3230, 35999.541
 3231, 36010.821
 3232, 36021.984
 3233, 36033.125
 3234, 36044.491
 3235, 36055.589
 3236, 36066.742
 3237, 36078.005
 3238, 36089.099
 3239, 36100.230
 3240, 36111.597
 3241, 36122.744
 3242, 36133.751
 3243, 36145.056
 3244, 36156.071
 3245, 36167.184
 3246, 36178.628
 3247, 36189.590
 3248, 36200.816
 3249, 36212.226
 3250, 36223.151
 3251, 36234.262
 3252, 36245.641
 3253, 36257.082
 3254, 36267.779
 3255, 36279.005
 3256, 36290.161
 3257, 36301.264
 3258, 36312.643
 3259, 36323.720
 3260, 36334.688
 3261, 36346.021
 3262, 36357.274
 3263, 36368.364
 3264, 36379.595
 3265, 36390.822
 3266, 36401.987
 3267, 36413.235
 3268, 36424.207
 3269, 36435.317
 3270, 36446.640
 3271, 36457.708
 3272, 36468.887
 3273, 36480.166
 3274, 36491.442
 3275, 36502.497
 3276, 36513.685
 3277, 36524.886
 3278, 36535.895
 3279, 36547.143
 3280, 36558.287
 3281, 36569.370
 3282, 36580.681
 3283, 36591.829
 3284, 36602.894
 3285, 36614.189
 3286, 36625.204
 3287, 36636.302
 3288, 36647.614
 3289, 36658.850
 3290, 36669.761
 3291, 36681.067
 3292, 36692.162
 3293, 36703.272
 3294, 36714.561
 3295, 36725.677
 3296, 36736.638
 3297, 36747.957
 3298, 36758.919
 3299, 36769.822
 3300, 36781.066
 3301, 36792.137
 3302, 36803.293
 3303, 36814.651
 3304, 36825.694
 3305, 36836.743
 3306, 36848.043
 3307, 36859.017
 3308, 36870.067
 3309, 36881.230
 3310, 36892.274
 3311, 36903.410
 3312, 36914.609
 3313, 36926.275
 3314, 36937.609
 3315, 36948.998
 3316, 36960.404
 3317, 36971.531
 3318, 36982.652
 3319, 36993.950
 3320, 37004.967
 3321, 37016.076
 3322, 37027.307
 3323, 37038.411
 3324, 37049.501
 3325, 37060.562
 3326, 37071.558
 3327, 37082.597
 3328, 37093.656
 3329, 37104.705
 3330, 37115.878
 3331, 37127.007
 3332, 37138.044
 3333, 37149.319
 3334, 37160.362
 3335, 37171.395
 3336, 37182.609
 3337, 37194.246
 3338, 37204.742
 3339, 37216.069
 3340, 37227.139
 3341, 37238.203
 3342, 37249.320
 3343, 37260.541
 3344, 37271.450
 3345, 37282.583
 3346, 37293.766
 3347, 37304.966
 3348, 37316.145
 3349, 37327.233
 3350, 37338.262
 3351, 37349.317
 3352, 37360.749
 3353, 37371.828
 3354, 37382.867
 3355, 37393.873
 3356, 37405.015
 3357, 37416.130
 3358, 37427.122
 3359, 37438.213
 3360, 37449.380
 3361, 37460.467
 3362, 37471.602
 3363, 37482.748
 3364, 37493.779
 3365, 37504.764
 3366, 37516.001
 3367, 37527.113
 3368, 37538.307
 3369, 37549.391
 3370, 37560.438
 3371, 37571.452
 3372, 37582.547
 3373, 37593.652
 3374, 37604.625
 3375, 37615.826
 3376, 37626.813
 3377, 37637.746
 3378, 37648.924
 3379, 37659.780
 3380, 37671.135
 3381, 37682.515
 3382, 37693.511
 3383, 37704.534
 3384, 37715.903
 3385, 37726.836
 3386, 37737.653
 3387, 37748.881
 3388, 37759.729
 3389, 37770.634
 3390, 37781.813
 3391, 37792.777
 3392, 37803.753
 3393, 37814.928
 3394, 37825.872
 3395, 37836.710
 3396, 37847.875
 3397, 37858.782
 3398, 37869.649
 3399, 37880.743
 3400, 37891.664
 3401, 37902.721
 3402, 37913.788
 3403, 37924.767
 3404, 37935.764
 3405, 37946.822
 3406, 37957.647
 3407, 37968.629
 3408, 37979.706
 3409, 37990.613
 3410, 38001.739
 3411, 38012.788
 3412, 38023.710
 3413, 38034.690
 3414, 38045.603
 3415, 38056.632
 3416, 38067.530
 3417, 38078.479
 3418, 38089.351
 3419, 38100.349
 3420, 38111.296
 3421, 38122.338
 3422, 38133.284
 3423, 38144.235
 3424, 38155.235
 3425, 38166.349
 3426, 38177.289
 3427, 38188.192
 3428, 38199.362
 3429, 38210.343
 3430, 38221.147
 3431, 38232.289
 3432, 38243.206
 3433, 38254.075
 3434, 38265.091
 3435, 38276.004
 3436, 38286.804
 3437, 38297.988
 3438, 38309.009
 3439, 38319.877
 3440, 38330.885
 3441, 38341.813
 3442, 38352.704
 3443, 38364.052
 3444, 38375.046
 3445, 38385.902
 3446, 38397.033
 3447, 38407.973
 3448, 38418.866
 3449, 38429.919
 3450, 38440.823
 3451, 38451.795
 3452, 38462.698
 3453, 38473.692
 3454, 38484.648
 3455, 38495.596
 3456, 38506.540
 3457, 38517.511
 3458, 38528.619
 3459, 38539.428
 3460, 38550.397
 3461, 38561.422
 3462, 38572.388
 3463, 38583.428
 3464, 38594.390
 3465, 38605.461
 3466, 38616.910
 3467, 38627.748
 3468, 38638.706
 3469, 38649.833
 3470, 38660.888
 3471, 38671.769
 3472, 38682.898
 3473, 38693.794
 3474, 38704.876
 3475, 38715.914
 3476, 38726.797
 3477, 38737.671
 3478, 38748.768
 3479, 38759.742
 3480, 38770.559
 3481, 38781.745
 3482, 38792.536
 3483, 38803.547
 3484, 38814.671
 3485, 38825.612
 3486, 38836.482
 3487, 38847.562
 3488, 38858.464
 3489, 38869.362
 3490, 38880.362
 3491, 38891.301
 3492, 38902.397
 3493, 38913.517
 3494, 38924.267
 3495, 38935.269
 3496, 38946.148
 3497, 38957.107
 3498, 38968.066
 3499, 38978.941
 3500, 38990.173
 3501, 39001.501
 3502, 39012.571
 3503, 39023.580
 3504, 39034.590
 3505, 39045.518
 3506, 39056.491
 3507, 39067.496
 3508, 39078.451
 3509, 39089.672
 3510, 39100.575
 3511, 39111.438
 3512, 39122.542
 3513, 39133.639
 3514, 39144.413
 3515, 39155.456
 3516, 39166.643
 3517, 39177.588
 3518, 39188.537
 3519, 39199.759
 3520, 39210.904
 3521, 39221.790
 3522, 39232.902
 3523, 39243.830
 3524, 39254.687
 3525, 39265.763
 3526, 39276.640
 3527, 39287.453
 3528, 39298.474
 3529, 39309.373
 3530, 39320.131
 3531, 39331.071
 3532, 39341.847
 3533, 39352.823
 3534, 39363.945
 3535, 39374.709
 3536, 39385.637
 3537, 39396.524
 3538, 39407.420
 3539, 39418.197
 3540, 39429.208
 3541, 39439.886
 3542, 39450.763
 3543, 39461.662
 3544, 39472.472
 3545, 39483.528
 3546, 39494.319
 3547, 39505.168
 3548, 39516.235
 3549, 39527.030
 3550, 39537.831
 3551, 39548.865
 3552, 39559.694
 3553, 39570.527
 3554, 39581.532
 3555, 39592.408
 3556, 39603.369
 3557, 39614.421
 3558, 39625.223
 3559, 39636.109
 3560, 39646.904
 3561, 39657.847
 3562, 39668.786
 3563, 39679.737
 3564, 39690.603
 3565, 39701.482
 3566, 39712.499
 3567, 39723.411
 3568, 39734.397
 3569, 39745.354
 3570, 39756.190
 3571, 39767.178
 3572, 39778.136
 3573, 39788.915
 3574, 39799.953
 3575, 39810.908
 3576, 39821.659
 3577, 39832.760
 3578, 39843.525
 3579, 39854.404
 3580, 39865.451
 3581, 39876.213
 3582, 39887.039
 3583, 39898.045
 3584, 39909.005
 3585, 39919.935
 3586, 39931.012
 3587, 39941.786
 3588, 39952.673
 3589, 39963.579
 3590, 39974.405
 3591, 39985.307
 3592, 39996.249
 3593, 40007.155
 3594, 40018.109
 3595, 40029.020
 3596, 40039.856
 3597, 40050.898
 3598, 40061.805
 3599, 40072.523
 3600, 40083.589
 3601, 40094.470
 3602, 40105.276
 3603, 40116.301
 3604, 40127.117
 3605, 40137.940
 3606, 40148.986
 3607, 40159.798
 3608, 40170.574
 3609, 40181.571
 3610, 40192.269
 3611, 40203.096
 3612, 40214.089
 3613, 40224.919
 3614, 40235.684
 3615, 40246.600
 3616, 40257.520
 3617, 40268.236
 3618, 40279.002
 3619, 40289.802
 3620, 40300.648
 3621, 40311.551
 3622, 40322.210
 3623, 40333.275
 3624, 40344.085
 3625, 40354.995
 3626, 40366.086
 3627, 40376.888
 3628, 40387.675
 3629, 40398.677
 3630, 40409.489
 3631, 40420.190
 3632, 40431.014
 3633, 40441.826
 3634, 40452.611
 3635, 40463.449
 3636, 40474.222
 3637, 40484.905
 3638, 40495.838
 3639, 40506.645
 3640, 40517.725
 3641, 40528.512
 3642, 40539.280
 3643, 40550.286
 3644, 40561.290
 3645, 40572.144
 3646, 40583.070
 3647, 40593.849
 3648, 40604.658
 3649, 40615.766
 3650, 40626.561
 3651, 40637.291
 3652, 40648.263
 3653, 40658.948
 3654, 40669.810
 3655, 40680.531
 3656, 40691.404
 3657, 40702.314
 3658, 40713.328
 3659, 40723.932
 3660, 40734.941
 3661, 40745.838
 3662, 40756.838
 3663, 40767.940
 3664, 40778.757
 3665, 40789.591
 3666, 40800.591
 3667, 40811.565
 3668, 40822.358
 3669, 40833.457
 3670, 40844.200
 3671, 40855.106
 3672, 40866.575
 3673, 40876.911
 3674, 40887.810
 3675, 40898.870
 3676, 40909.806
 3677, 40920.730
 3678, 40932.202
 3679, 40943.610
 3680, 40954.382
 3681, 40965.772
 3682, 40976.551
 3683, 40987.696
 3684, 40998.835
 3685, 41009.893
 3686, 41020.747
 3687, 41032.161
 3688, 41043.042
 3689, 41054.013
 3690, 41065.178
 3691, 41076.021
 3692, 41086.908
 3693, 41097.850
 3694, 41108.812
 3695, 41119.740
 3696, 41130.698
 3697, 41141.476
 3698, 41152.404
 3699, 41163.302
 3700, 41174.121
 3701, 41185.302
 3702, 41196.131
 3703, 41207.045
 3704, 41218.331
 3705, 41229.117
 3706, 41239.899
 3707, 41250.983
 3708, 41261.910
 3709, 41272.876
 3710, 41283.867
 3711, 41294.822
 3712, 41305.874
 3713, 41316.946
 3714, 41327.832
 3715, 41338.713
 3716, 41349.744
 3717, 41360.968
 3718, 41371.874
 3719, 41382.825
 3720, 41393.792
 3721, 41404.712
 3722, 41415.929
 3723, 41426.858
 3724, 41437.847
 3725, 41448.952
 3726, 41459.776
 3727, 41470.846
 3728, 41481.894
 3729, 41492.922
 3730, 41503.901
 3731, 41514.949
 3732, 41525.904
 3733, 41536.882
 3734, 41547.771
 3735, 41558.827
 3736, 41569.762
 3737, 41580.787
 3738, 41591.773
 3739, 41602.728
 3740, 41613.726
 3741, 41624.667
 3742, 41635.692
 3743, 41646.656
 3744, 41657.542
 3745, 41668.773
 3746, 41679.764
 3747, 41690.656
 3748, 41701.797
 3749, 41712.726
 3750, 41723.580
 3751, 41734.691
 3752, 41745.635
 3753, 41756.457
 3754, 41767.582
 3755, 41778.506
 3756, 41789.421
 3757, 41800.500
 3758, 41811.712
 3759, 41822.659
 3760, 41833.838
 3761, 41844.856
 3762, 41855.772
 3763, 41866.838
 3764, 41877.709
 3765, 41888.739
 3766, 41899.799
 3767, 41910.836
 3768, 41921.782
 3769, 41932.998
 3770, 41943.893
 3771, 41954.800
 3772, 41966.014
 3773, 41976.971
 3774, 41987.909
 3775, 41999.455
 3776, 42010.665
 3777, 42021.762
 3778, 42032.922
 3779, 42043.864
 3780, 42054.861
 3781, 42066.056
 3782, 42077.061
 3783, 42088.026
 3784, 42098.981
 3785, 42109.990
 3786, 42121.130
 3787, 42132.114
 3788, 42143.078
 3789, 42154.137
 3790, 42165.060
 3791, 42175.950
 3792, 42186.997
 3793, 42197.924
 3794, 42209.303
 3795, 42220.149
 3796, 42231.150
 3797, 42242.285
 3798, 42253.231
 3799, 42264.235
 3800, 42275.361
 3801, 42286.405
 3802, 42297.433
 3803, 42308.493
 3804, 42319.698
 3805, 42330.665
 3806, 42341.760
 3807, 42353.395
 3808, 42364.626
 3809, 42375.674
 3810, 42386.640
 3811, 42397.644
 3812, 42408.668
 3813, 42419.918
 3814, 42430.904
 3815, 42441.848
 3816, 42452.954
 3817, 42464.046
 3818, 42474.918
 3819, 42486.070
 3820, 42497.124
 3821, 42508.065
 3822, 42519.242
 3823, 42530.324
 3824, 42541.304
 3825, 42552.466
 3826, 42563.476
 3827, 42574.471
 3828, 42585.727
 3829, 42596.708
 3830, 42607.694
 3831, 42618.955
 3832, 42629.946
 3833, 42640.870
 3834, 42651.987
 3835, 42662.844
 3836, 42674.686
 3837, 42685.906
 3838, 42696.887
 3839, 42707.848
 3840, 42719.147
 3841, 42730.089
 3842, 42741.052
 3843, 42752.283
 3844, 42763.351
 3845, 42774.378
 3846, 42785.623
 3847, 42796.667
 3848, 42807.703
 3849, 42819.233
 3850, 42830.014
 3851, 42841.052
 3852, 42852.328
 3853, 42863.273
 3854, 42874.272
 3855, 42885.407
 3856, 42896.431
 3857, 42907.431
 3858, 42918.669
 3859, 42929.645
 3860, 42940.612
 3861, 42951.839
 3862, 42962.807
 3863, 42973.752
 3864, 42984.947
 3865, 42996.129
 3866, 43007.019
 3867, 43018.178
 3868, 43029.232
 3869, 43040.189
 3870, 43051.373
 3871, 43062.327
 3872, 43073.315
 3873, 43084.401
 3874, 43095.318
 3875, 43106.284
 3876, 43117.396
 3877, 43128.344
 3878, 43139.339
 3879, 43150.528
 3880, 43161.426
 3881, 43172.431
 3882, 43183.672
 3883, 43194.615
 3884, 43205.521
 3885, 43216.687
 3886, 43227.723
 3887, 43238.731
 3888, 43249.759
 3889, 43260.721
 3890, 43271.679
 3891, 43282.713
 3892, 43293.775
 3893, 43304.836
 3894, 43315.853
 3895, 43326.798
 3896, 43337.812
 3897, 43348.755
 3898, 43359.972
 3899, 43371.124
 3900, 43382.173
 3901, 43393.139
 3902, 43404.207
 3903, 43415.144
 3904, 43426.403
 3905, 43437.457
 3906, 43448.422
 3907, 43459.834
 3908, 43470.590
 3909, 43481.594
 3910, 43492.510
 3911, 43503.702
 3912, 43514.707
 3913, 43525.697
 3914, 43536.873
 3915, 43547.873
 3916, 43558.884
 3917, 43570.057
 3918, 43581.068
 3919, 43592.120
 3920, 43603.397
 3921, 43614.545
 3922, 43625.542
 3923, 43636.711
 3924, 43647.671
 3925, 43658.614
 3926, 43669.847
 3927, 43680.938
 3928, 43692.008
 3929, 43703.080
 3930, 43714.173
 3931, 43725.199
 3932, 43736.419
 3933, 43747.459
 3934, 43758.331
 3935, 43769.518
 3936, 43780.566
 3937, 43791.543
 3938, 43802.798
 3939, 43813.816
 3940, 43824.895
 3941, 43836.102
 3942, 43847.099
 3943, 43858.055
 3944, 43869.304
 3945, 43880.192
 3946, 43891.176
 3947, 43902.393
 3948, 43913.423
 3949, 43924.339
 3950, 43935.550
 3951, 43946.543
 3952, 43957.533
 3953, 43968.808
 3954, 43979.841
 3955, 43990.855
 3956, 44002.004
 3957, 44013.080
 3958, 44024.116
 3959, 44035.300
 3960, 44046.192
 3961, 44057.144
 3962, 44068.202
 3963, 44079.183
 3964, 44090.107
 3965, 44101.286
 3966, 44112.357
 3967, 44123.344
 3968, 44134.528
 3969, 44145.375
 3970, 44156.355
 3971, 44167.639
 3972, 44178.615
 3973, 44189.551
 3974, 44200.605
 3975, 44211.881
 3976, 44222.975
 3977, 44234.103
 3978, 44245.097
 3979, 44256.062
 3980, 44267.047
 3981, 44278.151
 3982, 44289.089
 3983, 44300.168
 3984, 44311.398
 3985, 44322.396
 3986, 44333.392
 3987, 44344.434
 3988, 44355.471
 3989, 44366.698
 3990, 44377.678
 3991, 44388.752
 3992, 44399.742
 3993, 44410.756
 3994, 44421.804
 3995, 44432.925
 3996, 44443.859
 3997, 44454.933
 3998, 44467.104
 3999, 44478.341
 4000, 44489.469
 4001, 44500.693
 4002, 44511.752
 4003, 44522.747
 4004, 44533.811
 4005, 44544.788
 4006, 44555.872
 4007, 44566.863
 4008, 44577.901
 4009, 44588.911
 4010, 44599.880
 4011, 44610.715
 4012, 44621.877
 4013, 44632.885
 4014, 44643.903
 4015, 44654.994
 4016, 44665.974
 4017, 44676.822
 4018, 44688.029
 4019, 44699.008
 4020, 44709.938
 4021, 44721.226
 4022, 44732.174
 4023, 44743.171
 4024, 44754.374
 4025, 44765.325
 4026, 44776.287
 4027, 44787.429
 4028, 44798.441
 4029, 44809.450
 4030, 44820.650
 4031, 44831.724
 4032, 44842.745
 4033, 44853.918
 4034, 44864.954
 4035, 44875.856
 4036, 44887.043
 4037, 44898.035
 4038, 44909.060
 4039, 44920.165
 4040, 44931.986
 4041, 44943.308
 4042, 44954.729
 4043, 44966.092
 4044, 44977.209
 4045, 44988.450
 4046, 44999.460
 4047, 45011.068
 4048, 45022.236
 4049, 45033.413
 4050, 45044.322
 4051, 45055.457
 4052, 45066.368
 4053, 45077.284
 4054, 45088.458
 4055, 45099.328
 4056, 45110.293
 4057, 45121.499
 4058, 45132.509
 4059, 45143.524
 4060, 45154.695
 4061, 45165.668
 4062, 45176.595
 4063, 45187.790
 4064, 45198.802
 4065, 45209.906
 4066, 45221.154
 4067, 45232.336
 4068, 45243.442
 4069, 45254.678
 4070, 45265.738
 4071, 45276.812
 4072, 45288.041
 4073, 45299.069
 4074, 45310.208
 4075, 45321.457
 4076, 45332.491
 4077, 45343.588
 4078, 45355.005
 4079, 45366.116
 4080, 45377.176
 4081, 45388.477
 4082, 45399.602
 4083, 45410.585
 4084, 45421.851
 4085, 45433.112
 4086, 45444.123
 4087, 45455.395
 4088, 45466.444
 4089, 45477.612
 4090, 45488.829
 4091, 45499.944
 4092, 45510.955
 4093, 45522.097
 4094, 45533.254
 4095, 45544.344
 4096, 45555.536
 4097, 45566.644
 4098, 45577.677
 4099, 45588.876
 4100, 45599.879
 4101, 45610.809
 4102, 45622.152
 4103, 45633.234
 4104, 45644.270
 4105, 45655.528
 4106, 45666.529
 4107, 45678.344
 4108, 45688.861
 4109, 45699.905
 4110, 45711.802
 4111, 45722.495
 4112, 45733.587
 4113, 45744.787
 4114, 45755.952
 4115, 45767.039
 4116, 45778.329
 4117, 45789.838
 4118, 45800.667
 4119, 45812.104
 4120, 45823.213
 4121, 45834.300
 4122, 45845.536
 4123, 45856.653
 4124, 45867.707
 4125, 45878.786
 4126, 45889.792
 4127, 45900.845
 4128, 45911.924
 4129, 45922.982
 4130, 45934.095
 4131, 45945.651
 4132, 45956.572
 4133, 45967.658
 4134, 45978.701
 4135, 45989.756
 4136, 46000.810
 4137, 46011.884
 4138, 46022.955
 4139, 46034.244
 4140, 46045.266
 4141, 46056.618
 4142, 46067.629
 4143, 46078.637
 4144, 46089.840
 4145, 46101.321
 4146, 46112.224
 4147, 46123.413
 4148, 46134.440
 4149, 46145.473
 4150, 46156.536
 4151, 46167.547
 4152, 46178.881
 4153, 46190.002
 4154, 46200.975
 4155, 46212.122
 4156, 46223.196
 4157, 46234.367
 4158, 46245.388
 4159, 46257.034
 4160, 46267.480
 4161, 46278.666
 4162, 46289.851
 4163, 46300.861
 4164, 46312.039
 4165, 46323.239
 4166, 46334.363
 4167, 46345.392
 4168, 46356.889
 4169, 46367.971
 4170, 46378.976
 4171, 46389.992
 4172, 46401.194
 4173, 46412.061
 4174, 46423.199
 4175, 46434.309
 4176, 46445.455
 4177, 46456.544
 4178, 46467.610
 4179, 46478.561
 4180, 46490.026
 4181, 46501.034
 4182, 46512.182
 4183, 46523.348
 4184, 46534.419
 4185, 46545.552
 4186, 46556.800
 4187, 46567.854
 4188, 46578.908
 4189, 46590.112
 4190, 46601.148
 4191, 46612.250
 4192, 46623.542
 4193, 46634.644
 4194, 46645.680
 4195, 46656.944
 4196, 46668.092
 4197, 46679.188
 4198, 46690.324
 4199, 46701.415
 4200, 46712.548
 4201, 46723.610
 4202, 46734.776
 4203, 46745.883
 4204, 46757.529
 4205, 46768.455
 4206, 46779.515
 4207, 46790.611
 4208, 46801.596
 4209, 46812.644
 4210, 46823.631
 4211, 46834.755
 4212, 46845.881
 4213, 46857.096
 4214, 46868.287
 4215, 46879.127
 4216, 46890.280
 4217, 46901.315
 4218, 46912.291
 4219, 46923.516
 4220, 46934.669
 4221, 46945.641
 4222, 46956.808
 4223, 46967.843
 4224, 46979.505
 4225, 46989.989
 4226, 47001.143
 4227, 47012.172
 4228, 47023.451
 4229, 47034.646
 4230, 47045.705
 4231, 47056.904
 4232, 47067.896
 4233, 47078.859
 4234, 47090.099
 4235, 47101.090
 4236, 47112.176
 4237, 47123.448
 4238, 47134.565
 4239, 47145.587
 4240, 47156.849
 4241, 47167.932
 4242, 47178.878
 4243, 47190.053
 4244, 47201.015
 4245, 47212.605
 4246, 47223.692
 4247, 47234.600
 4248, 47245.673
 4249, 47256.738
 4250, 47267.756
 4251, 47278.810
 4252, 47290.025
 4253, 47301.082
 4254, 47312.136
 4255, 47323.449
 4256, 47334.451
 4257, 47345.452
 4258, 47356.814
 4259, 47367.908
 4260, 47378.873
 4261, 47390.063
 4262, 47401.014
 4263, 47411.966
 4264, 47423.139
 4265, 47434.465
 4266, 47446.125
 4267, 47456.504
 4268, 47467.529
 4269, 47478.384
 4270, 47489.624
 4271, 47500.624
 4272, 47511.588
 4273, 47522.787
 4274, 47533.704
 4275, 47544.639
 4276, 47555.827
 4277, 47566.678
 4278, 47577.589
 4279, 47588.765
 4280, 47599.632
 4281, 47610.614
 4282, 47621.840
 4283, 47632.716
 4284, 47643.804
 4285, 47654.972
 4286, 47665.956
 4287, 47677.239
 4288, 47688.502
 4289, 47699.546
 4290, 47710.480
 4291, 47721.799
 4292, 47732.781
 4293, 47743.890
 4294, 47754.982
 4295, 47765.939
 4296, 47776.902
 4297, 47787.951
 4298, 47798.853
 4299, 47809.899
 4300, 47821.088
 4301, 47831.997
 4302, 47843.024
 4303, 47854.143
 4304, 47865.062
 4305, 47876.033
 4306, 47886.846
 4307, 47897.713
 4308, 47908.619
 4309, 47919.680
 4310, 47930.514
 4311, 47941.429
 4312, 47952.300
 4313, 47963.223
 4314, 47974.192
 4315, 47985.022
 4316, 47995.902
 4317, 48006.949
 4318, 48018.661
 4319, 48029.684
 4320, 48041.033
 4321, 48051.871
 4322, 48062.743
 4323, 48073.852
 4324, 48084.608
 4325, 48095.534
 4326, 48106.602
 4327, 48117.544
 4328, 48128.548
 4329, 48139.553
 4330, 48150.460
 4331, 48161.294
 4332, 48172.301
 4333, 48183.210
 4334, 48193.991
 4335, 48205.058
 4336, 48216.055
 4337, 48226.956
 4338, 48238.049
 4339, 48248.894
 4340, 48259.749
 4341, 48270.794
 4342, 48281.650
 4343, 48292.620
 4344, 48303.490
 4345, 48314.316
 4346, 48325.206
 4347, 48336.062
 4348, 48346.978
 4349, 48358.226
 4350, 48369.113
 4351, 48380.016
 4352, 48391.083
 4353, 48401.995
 4354, 48412.825
 4355, 48423.899
 4356, 48434.849
 4357, 48445.673
 4358, 48456.712
 4359, 48467.605
 4360, 48478.408
 4361, 48489.536
 4362, 48500.420
 4363, 48511.183
 4364, 48522.376
 4365, 48533.247
 4366, 48544.126
 4367, 48555.044
 4368, 48565.776
 4369, 48576.546
 4370, 48587.546
 4371, 48598.399
 4372, 48609.330
 4373, 48620.287
 4374, 48631.118
 4375, 48642.011
 4376, 48652.991
 4377, 48663.938
 4378, 48674.749
 4379, 48685.764
 4380, 48696.582
 4381, 48707.625
 4382, 48718.554
 4383, 48729.398
 4384, 48740.549
 4385, 48751.419
 4386, 48762.137
 4387, 48773.492
 4388, 48784.151
 4389, 48795.037
 4390, 48806.023
 4391, 48816.778
 4392, 48827.632
 4393, 48838.610
 4394, 48849.405
 4395, 48860.237
 4396, 48870.997
 4397, 48881.780
 4398, 48892.582
 4399, 48903.371
 4400, 48914.073
 4401, 48924.983
 4402, 48936.341
 4403, 48947.524
 4404, 48958.715
 4405, 48969.796
 4406, 48980.671
 4407, 48991.657
 4408, 49002.450
 4409, 49013.194
 4410, 49024.499
 4411, 49035.077
 4412, 49045.880
 4413, 49056.933
 4414, 49067.703
 4415, 49078.414
 4416, 49089.483
 4417, 49100.227
 4418, 49111.037
 4419, 49122.112
 4420, 49132.890
 4421, 49143.630
 4422, 49154.508
 4423, 49165.213
 4424, 49176.016
 4425, 49186.840
 4426, 49197.735
 4427, 49208.695
 4428, 49219.584
 4429, 49230.477
 4430, 49241.439
 4431, 49252.325
 4432, 49263.072
 4433, 49274.104
 4434, 49284.880
 4435, 49295.589
 4436, 49306.641
 4437, 49317.276
 4438, 49328.041
 4439, 49338.899
 4440, 49349.623
 4441, 49360.538
 4442, 49371.420
 4443, 49382.136
 4444, 49392.884
 4445, 49403.744
 4446, 49414.486
 4447, 49425.460
 4448, 49436.272
 4449, 49446.985
 4450, 49457.959
 4451, 49468.749
 4452, 49479.564
 4453, 49490.738
 4454, 49501.548
 4455, 49512.244
 4456, 49523.211
 4457, 49534.012
 4458, 49544.778
 4459, 49555.803
 4460, 49566.587
 4461, 49577.375
 4462, 49588.185
 4463, 49598.981
 4464, 49609.825
 4465, 49620.641
 4466, 49631.547
 4467, 49642.385
 4468, 49653.376
 4469, 49664.287
 4470, 49675.014
 4471, 49685.909
 4472, 49696.658
 4473, 49707.778
 4474, 49719.000
 4475, 49730.035
 4476, 49741.118
 4477, 49751.934
 4478, 49762.698
 4479, 49773.676
 4480, 49784.496
 4481, 49795.387
 4482, 49806.425
 4483, 49817.277
 4484, 49828.207
 4485, 49839.214
 4486, 49850.057
 4487, 49860.838
 4488, 49871.681
 4489, 49882.374
 4490, 49893.169
 4491, 49903.973
 4492, 49915.097
 4493, 49925.849
 4494, 49936.722
 4495, 49947.472
 4496, 49958.521
 4497, 49969.290
 4498, 49980.104
 4499, 49991.119
 4500, 50001.878
 4501, 50012.711
 4502, 50023.686
 4503, 50034.547
 4504, 50045.406
 4505, 50056.486
 4506, 50067.141
 4507, 50077.903
 4508, 50088.744
 4509, 50099.523
 4510, 50110.289
 4511, 50121.144
 4512, 50132.033
 4513, 50142.911
 4514, 50153.821
 4515, 50164.611
 4516, 50175.559
 4517, 50186.435
 4518, 50197.218
 4519, 50208.184
 4520, 50219.101
 4521, 50229.921
 4522, 50240.877
 4523, 50251.605
 4524, 50262.389
 4525, 50273.305
 4526, 50284.059
 4527, 50294.856
 4528, 50305.948
 4529, 50316.725
 4530, 50327.532
 4531, 50338.633
 4532, 50349.210
 4533, 50360.157
 4534, 50370.956
 4535, 50381.918
 4536, 50392.752
 4537, 50403.634
 4538, 50414.383
 4539, 50425.345
 4540, 50436.191
 4541, 50446.845
 4542, 50457.844
 4543, 50468.731
 4544, 50479.600
 4545, 50490.630
 4546, 50501.368
 4547, 50512.190
 4548, 50523.169
 4549, 50534.049
 4550, 50544.862
 4551, 50555.816
 4552, 50566.645
 4553, 50577.560
 4554, 50588.447
 4555, 50599.258
 4556, 50610.067
 4557, 50621.017
 4558, 50631.884
 4559, 50642.952
 4560, 50653.950
 4561, 50664.761
 4562, 50675.852
 4563, 50686.821
 4564, 50697.699
 4565, 50708.799
 4566, 50719.614
 4567, 50730.339
 4568, 50741.417
 4569, 50752.282
 4570, 50763.030
 4571, 50774.014
 4572, 50784.926
 4573, 50795.850
 4574, 50806.823
 4575, 50817.599
 4576, 50828.436
 4577, 50839.365
 4578, 50850.254
 4579, 50861.185
 4580, 50872.159
 4581, 50883.092
 4582, 50893.869
 4583, 50904.746
 4584, 50915.674
 4585, 50926.518
 4586, 50937.430
 4587, 50948.343
 4588, 50959.409
 4589, 50970.345
 4590, 50981.243
 4591, 50992.600
 4592, 51003.407
 4593, 51014.356
 4594, 51025.614
 4595, 51036.943
 4596, 51048.023
 4597, 51059.320
 4598, 51070.222
 4599, 51081.030
 4600, 51092.169
 4601, 51103.191
 4602, 51113.949
 4603, 51125.234
 4604, 51136.231
 4605, 51147.111
 4606, 51158.273
 4607, 51169.166
 4608, 51180.211
 4609, 51191.336
 4610, 51202.214
 4611, 51213.273
 4612, 51224.405
 4613, 51235.230
 4614, 51246.139
 4615, 51257.353
 4616, 51268.016
 4617, 51278.960
 4618, 51290.077
 4619, 51300.875
 4620, 51311.940
 4621, 51322.804
 4622, 51333.744
 4623, 51344.693
 4624, 51355.861
 4625, 51366.927
 4626, 51377.874
 4627, 51388.791
 4628, 51399.838
 4629, 51410.764
 4630, 51421.710
 4631, 51432.785
 4632, 51443.806
 4633, 51454.732
 4634, 51465.700
 4635, 51476.781
 4636, 51487.767
 4637, 51498.761
 4638, 51509.747
 4639, 51520.641
 4640, 51531.677
 4641, 51542.781
 4642, 51553.657
 4643, 51564.525
 4644, 51575.511
 4645, 51586.318
 4646, 51597.199
 4647, 51608.269
 4648, 51619.143
 4649, 51630.050
 4650, 51641.094
 4651, 51651.966
 4652, 51662.882
 4653, 51674.020
 4654, 51684.826
 4655, 51695.740
 4656, 51706.627
 4657, 51717.594
 4658, 51728.560
 4659, 51739.463
 4660, 51750.274
 4661, 51761.253
 4662, 51772.120
 4663, 51783.023
 4664, 51793.922
 4665, 51805.505
 4666, 51816.015
 4667, 51827.108
 4668, 51838.002
 4669, 51848.898
 4670, 51860.004
 4671, 51870.909
 4672, 51881.713
 4673, 51892.724
 4674, 51903.666
 4675, 51914.544
 4676, 51925.699
 4677, 51936.784
 4678, 51947.595
 4679, 51958.574
 4680, 51969.447
 4681, 51980.329
 4682, 51991.363
 4683, 52002.201
 4684, 52013.047
 4685, 52024.159
 4686, 52035.040
 4687, 52045.980
 4688, 52056.917
 4689, 52067.842
 4690, 52078.692
 4691, 52089.586
 4692, 52100.469
 4693, 52111.341
 4694, 52122.575
 4695, 52134.050
 4696, 52145.069
 4697, 52155.987
 4698, 52166.832
 4699, 52177.752
 4700, 52188.658
 4701, 52199.620
 4702, 52210.709
 4703, 52221.688
 4704, 52232.561
 4705, 52243.742
 4706, 52254.637
 4707, 52265.599
 4708, 52276.668
 4709, 52287.451
 4710, 52298.298
 4711, 52309.440
 4712, 52320.320
 4713, 52331.236
 4714, 52342.308
 4715, 52353.545
 4716, 52364.476
 4717, 52375.559
 4718, 52386.392
 4719, 52397.329
 4720, 52408.320
 4721, 52419.609
 4722, 52430.546
 4723, 52441.622
 4724, 52452.635
 4725, 52463.625
 4726, 52474.696
 4727, 52485.495
 4728, 52496.537
 4729, 52507.665
 4730, 52518.481
 4731, 52529.454
 4732, 52540.427
 4733, 52551.337
 4734, 52562.281
 4735, 52573.319
 4736, 52584.206
 4737, 52595.264
 4738, 52606.267
 4739, 52617.244
 4740, 52628.284
 4741, 52639.317
 4742, 52650.360
 4743, 52661.371
 4744, 52672.880
 4745, 52684.015
 4746, 52694.961
 4747, 52705.990
 4748, 52717.102
 4749, 52728.124
 4750, 52739.113
 4751, 52750.086
 4752, 52761.090
 4753, 52771.991
 4754, 52782.884
 4755, 52794.040
 4756, 52804.993
 4757, 52815.870
 4758, 52827.040
 4759, 52837.964
 4760, 52848.916
 4761, 52860.082
 4762, 52871.140
 4763, 52882.089
 4764, 52893.211
 4765, 52904.206
 4766, 52915.125
 4767, 52926.299
 4768, 52937.409
 4769, 52948.989
 4770, 52960.389
 4771, 52971.770
 4772, 52983.060
 4773, 52994.370
 4774, 53005.320
 4775, 53016.230
 4776, 53027.500
 4777, 53038.631
 4778, 53049.560
 4779, 53060.783
 4780, 53071.666
 4781, 53082.604
 4782, 53093.804
 4783, 53104.692
 4784, 53115.741
 4785, 53126.913
 4786, 53137.923
 4787, 53148.880
 4788, 53160.130
 4789, 53171.015
 4790, 53181.999
 4791, 53193.111
 4792, 53204.022
 4793, 53215.250
 4794, 53226.453
 4795, 53237.384
 4796, 53248.466
 4797, 53259.485
 4798, 53270.460
 4799, 53281.477
 4800, 53292.659
 4801, 53303.679
 4802, 53314.615
 4803, 53325.794
 4804, 53336.839
 4805, 53347.805
 4806, 53359.151
 4807, 53370.146
 4808, 53381.135
 4809, 53392.315
 4810, 53403.267
 4811, 53414.223
 4812, 53425.396
 4813, 53436.397
 4814, 53447.379
 4815, 53458.512
 4816, 53469.580
 4817, 53480.593
 4818, 53491.795
 4819, 53502.733
 4820, 53513.732
 4821, 53524.809
 4822, 53535.865
 4823, 53546.911
 4824, 53557.983
 4825, 53568.889
 4826, 53579.860
 4827, 53590.860
 4828, 53601.869
 4829, 53612.862
 4830, 53623.935
 4831, 53634.903
 4832, 53645.900
 4833, 53656.972
 4834, 53667.956
 4835, 53679.178
 4836, 53690.171
 4837, 53701.285
 4838, 53712.345
 4839, 53723.332
 4840, 53734.293
 4841, 53745.441
 4842, 53756.731
 4843, 53767.502
 4844, 53778.647
 4845, 53789.576
 4846, 53800.481
 4847, 53811.643
 4848, 53822.678
 4849, 53833.632
 4850, 53844.845
 4851, 53855.826
 4852, 53866.735
 4853, 53877.934
 4854, 53888.824
 4855, 53899.803
 4856, 53911.007
 4857, 53921.976
 4858, 53933.083
 4859, 53944.294
 4860, 53955.287
 4861, 53966.321
 4862, 53977.480
 4863, 53988.433
 4864, 53999.543
 4865, 54010.746
 4866, 54021.798
 4867, 54032.861
 4868, 54044.982
 4869, 54056.277
 4870, 54067.309
 4871, 54078.651
 4872, 54089.772
 4873, 54100.785
 4874, 54112.010
 4875, 54123.130
 4876, 54134.122
 4877, 54145.363
 4878, 54156.442
 4879, 54167.510
 4880, 54178.929
 4881, 54189.977
 4882, 54200.994
 4883, 54212.217
 4884, 54223.346
 4885, 54234.291
 4886, 54245.607
 4887, 54256.653
 4888, 54267.671
 4889, 54279.057
 4890, 54290.157
 4891, 54301.289
 4892, 54312.611
 4893, 54323.799
 4894, 54335.015
 4895, 54346.202
 4896, 54357.584
 4897, 54368.820
 4898, 54379.953
 4899, 54391.031
 4900, 54402.193
 4901, 54413.353
 4902, 54424.514
 4903, 54435.710
 4904, 54446.869
 4905, 54458.043
 4906, 54469.187
 4907, 54480.298
 4908, 54491.369
 4909, 54502.406
 4910, 54513.544
 4911, 54524.704
 4912, 54535.818
 4913, 54546.904
 4914, 54558.107
 4915, 54569.378
 4916, 54580.540
 4917, 54591.662
 4918, 54602.715
 4919, 54613.783
 4920, 54624.944
 4921, 54636.090
 4922, 54647.266
 4923, 54658.378
 4924, 54669.610
 4925, 54680.816
 4926, 54692.033
 4927, 54703.110
 4928, 54714.252
 4929, 54725.515
 4930, 54736.594
 4931, 54747.725
 4932, 54758.811
 4933, 54770.029
 4934, 54781.075
 4935, 54792.439
 4936, 54803.179
 4937, 54814.259
 4938, 54825.418
 4939, 54836.490
 4940, 54847.647
 4941, 54858.901
 4942, 54870.017
 4943, 54881.110
 4944, 54892.246
 4945, 54903.547
 4946, 54914.684
 4947, 54925.807
 4948, 54937.086
 4949, 54948.249
 4950, 54959.608
 4951, 54970.715
 4952, 54981.936
 4953, 54993.266
 4954, 55004.298
 4955, 55015.472
 4956, 55026.734
 4957, 55037.943
 4958, 55049.269
 4959, 55060.684
 4960, 55071.815
 4961, 55082.879
 4962, 55094.291
 4963, 55105.425
 4964, 55116.797
 4965, 55128.104
 4966, 55139.308
 4967, 55150.474
 4968, 55161.852
 4969, 55173.060
 4970, 55184.281
 4971, 55195.537
 4972, 55206.569
 4973, 55217.697
 4974, 55229.048
 4975, 55240.261
 4976, 55251.467
 4977, 55262.805
 4978, 55273.983
 4979, 55285.046
 4980, 55296.271
 4981, 55307.395
 4982, 55318.453
 4983, 55329.768
 4984, 55340.939
 4985, 55352.043
 4986, 55363.483
 4987, 55374.604
 4988, 55385.890
 4989, 55397.106
 4990, 55408.211
 4991, 55419.403
 4992, 55430.746
 4993, 55441.962
 4994, 55453.067
 4995, 55464.265
 4996, 55475.364
 4997, 55486.584
 4998, 55497.819
 4999, 55508.970
 5000, 55520.129
 5001, 55531.294
 5002, 55542.467
 5003, 55553.594
 5004, 55564.772
 5005, 55575.965
 5006, 55587.144
 5007, 55598.386
 5008, 55609.604
 5009, 55620.840
 5010, 55631.954
 5011, 55643.208
 5012, 55654.418
 5013, 55665.524
 5014, 55676.819
 5015, 55687.944
 5016, 55699.071
 5017, 55710.313
 5018, 55721.451
 5019, 55732.578
 5020, 55743.960
 5021, 55755.126
 5022, 55766.316
 5023, 55777.571
 5024, 55788.829
 5025, 55799.839
 5026, 55811.255
 5027, 55822.345
 5028, 55833.572
 5029, 55845.029
 5030, 55856.295
 5031, 55867.493
 5032, 55878.999
 5033, 55890.251
 5034, 55901.438
 5035, 55912.836
 5036, 55924.066
 5037, 55935.312
 5038, 55946.699
 5039, 55957.921
 5040, 55969.250
 5041, 55980.611
 5042, 55991.973
 5043, 56003.253
 5044, 56014.469
 5045, 56025.725
 5046, 56036.855
 5047, 56048.316
 5048, 56059.627
 5049, 56070.916
 5050, 56082.234
 5051, 56093.508
 5052, 56104.743
 5053, 56115.960
 5054, 56127.503
 5055, 56138.800
 5056, 56149.985
 5057, 56161.493
 5058, 56172.813
 5059, 56184.164
 5060, 56195.689
 5061, 56206.905
 5062, 56218.195
 5063, 56229.707
 5064, 56241.034
 5065, 56252.300
 5066, 56263.861
 5067, 56275.102
 5068, 56286.402
 5069, 56297.792
 5070, 56309.127
 5071, 56320.384
 5072, 56331.726
 5073, 56343.128
 5074, 56354.575
 5075, 56366.006
 5076, 56377.581
 5077, 56388.898
 5078, 56400.127
 5079, 56411.623
 5080, 56422.859
 5081, 56434.239
 5082, 56445.741
 5083, 56456.961
 5084, 56468.359
 5085, 56479.827
 5086, 56491.123
 5087, 56502.443
 5088, 56513.939
 5089, 56525.126
 5090, 56536.423
 5091, 56547.868
 5092, 56559.139
 5093, 56570.541
 5094, 56581.747
 5095, 56593.128
 5096, 56604.447
 5097, 56615.769
 5098, 56627.134
 5099, 56638.442
 5100, 56649.746
 5101, 56661.265
 5102, 56673.020
 5103, 56684.904
 5104, 56696.881
 5105, 56708.708
 5106, 56720.588
 5107, 56732.406
 5108, 56748.116
 5109, 56759.991
 5110, 56771.774
 5111, 56783.483
 5112, 56795.354
 5113, 56807.228
 5114, 56818.841
 5115, 56830.708
 5116, 56844.960
 5117, 56856.774
 5118, 56868.663
 5119, 56880.502
 5120, 56892.297
 5121, 56904.173
 5122, 56915.923
 5123, 56927.806
 5124, 56939.712
 5125, 56951.702
 5126, 56963.728
 5127, 56975.823
 5128, 56987.921
 5129, 56999.585
 5130, 57011.165
 5131, 57022.452
 5132, 57033.848
 5133, 57045.557
 5134, 57057.461
 5135, 57068.835
 5136, 57080.416
 5137, 57091.868
 5138, 57103.067
 5139, 57114.623
 5140, 57126.012
 5141, 57137.341
 5142, 57148.864
 5143, 57160.253
 5144, 57171.628
 5145, 57183.010
 5146, 57194.364
 5147, 57205.851
 5148, 57217.293
 5149, 57228.908
 5150, 57240.285
 5151, 57251.615
 5152, 57263.054
 5153, 57274.427
 5154, 57285.798
 5155, 57297.250
 5156, 57308.529
 5157, 57319.704
 5158, 57331.142
 5159, 57342.588
 5160, 57354.097
 5161, 57365.527
 5162, 57376.874
 5163, 57388.144
 5164, 57399.381
 5165, 57410.646
 5166, 57421.801
 5167, 57433.097
 5168, 57444.452
 5169, 57455.697
 5170, 57466.993
 5171, 57478.453
 5172, 57489.773
 5173, 57501.139
 5174, 57512.847
 5175, 57524.539
 5176, 57535.791
 5177, 57547.371
 5178, 57558.655
 5179, 57569.854
 5180, 57581.347
 5181, 57592.773
 5182, 57603.967
 5183, 57615.513
 5184, 57626.737
 5185, 57637.982
 5186, 57649.256
 5187, 57660.562
 5188, 57672.258
 5189, 57683.696
 5190, 57695.190
 5191, 57706.314
 5192, 57717.672
 5193, 57729.052
 5194, 57740.287
 5195, 57751.587
 5196, 57763.068
 5197, 57774.401
 5198, 57785.696
 5199, 57797.147
 5200, 57808.328
 5201, 57819.511
 5202, 57830.935
 5203, 57842.208
 5204, 57853.347
 5205, 57864.799
 5206, 57876.054
 5207, 57887.228
 5208, 57898.728
 5209, 57909.886
 5210, 57921.221
 5211, 57932.536
 5212, 57943.819
 5213, 57955.001
 5214, 57966.307
 5215, 57977.500
 5216, 57988.696
 5217, 57999.988
 5218, 58011.163
 5219, 58022.451
 5220, 58033.769
 5221, 58045.238
 5222, 58056.513
 5223, 58067.893
 5224, 58079.398
 5225, 58090.773
 5226, 58101.959
 5227, 58113.483
 5228, 58124.807
 5229, 58136.125
 5230, 58147.831
 5231, 58159.154
 5232, 58170.356
 5233, 58181.810
 5234, 58193.058
 5235, 58204.219
 5236, 58215.651
 5237, 58226.850
 5238, 58238.228
 5239, 58249.804
 5240, 58261.035
 5241, 58272.471
 5242, 58283.817
 5243, 58295.375
 5244, 58306.619
 5245, 58317.865
 5246, 58329.238
 5247, 58340.745
 5248, 58352.192
 5249, 58363.756
 5250, 58375.022
 5251, 58386.245
 5252, 58397.701
 5253, 58408.990
 5254, 58420.197
 5255, 58431.783
 5256, 58443.081
 5257, 58454.433
 5258, 58465.933
 5259, 58477.249
 5260, 58488.541
 5261, 58500.001
 5262, 58511.251
 5263, 58522.583
 5264, 58533.893
 5265, 58545.319
 5266, 58556.591
 5267, 58567.927
 5268, 58579.418
 5269, 58590.680
 5270, 58601.950
 5271, 58613.361
 5272, 58624.680
 5273, 58636.228
 5274, 58647.831
 5275, 58659.162
 5276, 58670.432
 5277, 58681.936
 5278, 58693.272
 5279, 58704.454
 5280, 58715.967
 5281, 58727.193
 5282, 58738.564
 5283, 58749.883
 5284, 58761.129
 5285, 58772.397
 5286, 58783.664
 5287, 58794.936
 5288, 58806.264
 5289, 58817.489
 5290, 58829.136
 5291, 58840.605
 5292, 58852.006
 5293, 58863.424
 5294, 58874.751
 5295, 58886.118
 5296, 58897.672
 5297, 58908.914
 5298, 58920.291
 5299, 58931.737
 5300, 58943.011
 5301, 58954.310
 5302, 58965.792
 5303, 58977.036
 5304, 58988.357
 5305, 58999.856
 5306, 59011.138
 5307, 59022.912
 5308, 59034.360
 5309, 59045.872
 5310, 59057.249
 5311, 59068.502
 5312, 59080.035
 5313, 59091.391
 5314, 59102.639
 5315, 59114.188
 5316, 59125.585
 5317, 59136.918
 5318, 59148.645
 5319, 59159.908
 5320, 59171.168
 5321, 59182.791
 5322, 59194.071
 5323, 59205.395
 5324, 59216.795
 5325, 59228.121
 5326, 59239.309
 5327, 59250.800
 5328, 59262.055
 5329, 59273.275
 5330, 59284.576
 5331, 59295.930
 5332, 59307.262
 5333, 59318.493
 5334, 59329.853
 5335, 59341.162
 5336, 59352.469
 5337, 59364.215
 5338, 59375.374
 5339, 59386.682
 5340, 59398.158
 5341, 59409.434
 5342, 59420.650
 5343, 59432.243
 5344, 59443.951
 5345, 59454.757
 5346, 59467.415
 5347, 59478.713
 5348, 59490.051
 5349, 59501.263
 5350, 59512.490
 5351, 59523.720
 5352, 59535.040
 5353, 59546.342
 5354, 59557.591
 5355, 59568.762
 5356, 59580.258
 5357, 59591.467
 5358, 59602.745
 5359, 59614.156
 5360, 59625.361
 5361, 59636.608
 5362, 59648.164
 5363, 59659.375
 5364, 59670.502
 5365, 59682.026
 5366, 59694.006
 5367, 59704.555
 5368, 59716.134
 5369, 59727.350
 5370, 59738.562
 5371, 59750.057
 5372, 59761.240
 5373, 59772.770
 5374, 59783.911
 5375, 59795.149
 5376, 59806.312
 5377, 59817.438
 5378, 59828.659
 5379, 59839.917
 5380, 59851.129
 5381, 59862.438
 5382, 59874.006
 5383, 59885.267
 5384, 59896.676
 5385, 59907.859
 5386, 59919.092
 5387, 59930.705
 5388, 59941.912
 5389, 59953.228
 5390, 59964.619
 5391, 59975.738
 5392, 59986.967
